Trajectory_ID,Time_Index,ID_LV,Type_LV,Pos_LV,Speed_LV,Acc_LV,ID_FAV,Pos_FAV,Speed_FAV,Acc_FAV,Spatial_Gap,Spatial_Headway,Speed_Diff
115,0,-1,0,18.04960471,20.2024765,-0.044288635,0,0,20.1184082,0.183258057,13.15103822,18.04960471,0.084068298
115,0.1,-1,0,20.06839214,20.19804764,0.058403015,0,2.012757111,20.13673401,-0.638771057,13.15217786,18.05563503,0.061313629
115,0.2,-1,0,22.09100414,20.20388794,0.00207901,0,4.023236656,20.0728569,-0.057182312,13.17560444,18.06776748,0.131031036
115,0.3,-1,0,24.11142883,20.20409584,-0.163936615,0,6.030236435,20.06713867,-0.151939392,13.17788424,18.0811924,0.136957169
115,0.4,-1,0,26.13145045,20.18770218,-0.022621155,0,8.036190605,20.05194473,0.76839447,13.19375056,18.09525985,0.135757446
115,0.5,-1,0,28.14513104,20.18544006,0.083656311,0,10.04522705,20.12878418,-0.126552582,13.19154828,18.09990399,0.056655884
115,0.6,-1,0,30.16474256,20.19380569,-0.029239655,0,12.05747271,20.11612892,1.048774719,13.20835147,18.10726986,0.077676773
115,0.7,-1,0,32.17728248,20.19088173,0.050106049,0,14.07432947,20.22100639,-0.767612457,13.20224338,18.10295301,-0.030124664
115,0.8,-1,0,34.19945214,20.19589233,0.028877258,0,16.09259205,20.14424515,-0.928668976,13.22909515,18.10686009,0.051647186
115,0.9,-1,0,36.22356099,20.19878006,-0.047702789,0,18.10237322,20.05137825,-0.361061096,13.23056134,18.12118777,0.14740181
115,1,-1,0,38.24425584,20.19400978,-0.019760132,0,20.10570574,20.01527214,1.009807587,13.24532205,18.1385501,0.17873764
115,1.1,-1,0,40.25768719,20.19203377,0.031356812,0,22.11228199,20.1162529,1.376819611,13.26155343,18.1454052,0.075780869
115,1.2,-1,0,42.26937504,20.19516945,0.059986115,0,24.13079138,20.25393486,-0.622501373,13.25070643,18.13858366,-0.058765411
115,1.3,-1,0,44.29231134,20.20116806,-0.040493011,0,26.15307236,20.19168472,-2.526111603,13.2674841,18.13923898,0.009483337
115,1.4,-1,0,46.32546697,20.19711876,-0.119552612,0,28.15961027,19.93907356,0.981826782,13.27888094,18.1658567,0.258045197
115,1.5,-1,0,48.34037697,20.1851635,-0.063781738,0,30.15842676,20.03725624,2.182388306,13.29835331,18.18195021,0.147907257
115,1.6,-1,0,50.34831488,20.17878532,0.041732788,0,32.17306433,20.25549507,-1.171245575,13.29316285,18.17525056,-0.076709747
115,1.7,-1,0,52.37270095,20.1829586,0.07226944,0,34.19275761,20.13837051,0.016365051,13.30080368,18.17994334,0.044588089
115,1.8,-1,0,54.39228865,20.19018555,0.079612732,0,36.20667648,20.14000702,0.403995514,13.32134243,18.18561216,0.050178528
115,1.9,-1,0,56.41018968,20.19814682,0.043811798,0,38.22269716,20.18040657,-0.74672699,13.31176796,18.18749251,0.01774025
115,2,-1,0,58.43447415,20.202528,-0.047969818,0,40.23700418,20.10573387,-0.296173096,13.32888223,18.19746996,0.096794128
115,2.1,-1,0,60.45702587,20.19773102,-0.098628998,0,42.24609671,20.07611656,2.639713287,13.35477138,18.21092916,0.121614456
115,2.2,-1,0,62.46396183,20.18786812,0.036411285,0,44.26690693,20.34008789,0.401687622,13.34399322,18.1970549,-0.152219772
115,2.3,-1,0,64.48075655,20.19150925,0.164299011,0,46.30292416,20.38025665,-3.63735199,13.32489398,18.1778324,-0.188747406
115,2.4,-1,0,66.51971461,20.20793915,0.044651031,0,48.32276306,20.01652145,1.81728363,13.33863321,18.19695154,0.191417694
115,2.5,-1,0,68.53216746,20.21240425,-0.082015991,0,50.33350163,20.19824982,-2.518177032,13.35857604,18.19866583,0.014154434
115,2.6,-1,0,70.56610144,20.20420265,-0.059165955,0,52.34073572,19.94643211,4.747009277,13.37691553,18.22536572,0.257770538
115,2.7,-1,0,72.56227796,20.19828606,0.001621246,0,54.35911398,20.42113304,-0.958614349,13.36224639,18.20316398,-0.222846985
115,2.8,-1,0,74.58627304,20.19844818,0.098762512,0,56.39643421,20.32527161,1.198234558,13.34106654,18.18983883,-0.126823425
115,2.9,-1,0,76.60017469,20.20832443,-0.076160431,0,58.43495255,20.44509506,-4.806175232,13.31903885,18.16522215,-0.23677063
115,3,-1,0,78.64542258,20.20070839,-0.309944153,0,60.45543118,19.96447754,3.038711548,13.3403024,18.18999141,0.23623085
115,3.1,-1,0,80.64771869,20.16971397,-0.075798035,0,62.46707249,20.26834869,-1.549034119,13.3280194,18.1806462,-0.09863472
115,3.2,-1,0,82.67113557,20.16213417,0.053138733,0,64.48616219,20.11344528,1.152553558,13.34173789,18.18497339,0.048688889
115,3.3,-1,0,84.68131573,20.16744804,-0.004405975,0,66.50326948,20.22870064,1.211090088,13.32329919,18.17804625,-0.061252594
115,3.4,-1,0,86.69189129,20.16700745,-0.006446838,0,68.532195,20.34980965,0.08813858,13.30717106,18.15969629,-0.1828022
115,3.5,-1,0,88.70886814,20.16636276,0.002098083,0,70.56761665,20.3586235,-1.678237915,13.29035584,18.14125149,-0.192260742
115,3.6,-1,0,90.73377594,20.16657257,0.00869751,0,72.59508781,20.19079971,2.894096375,13.29100183,18.13868813,-0.024227142
115,3.7,-1,0,92.73533348,20.16744232,0.03616333,0,74.62863827,20.48020935,-0.895824432,13.25692252,18.10669521,-0.312767029
115,3.8,-1,0,94.75646763,20.17105865,0.079917908,0,76.67218008,20.39062691,-4.473552704,13.24593701,18.08428755,-0.219568253
115,3.9,-1,0,96.7954631,20.17905045,0.056552887,0,78.68887501,19.94327164,4.104862213,13.2731094,18.10658809,0.235778809
116,0,-1,0,32.2191057,20.15535355,-0.011043549,0,0,19.93250465,0,27.38809751,32.2191057,0.222848892
116,0.1,-1,0,34.19010463,20.15424919,0.077285767,0,1.993250465,19.93250465,0.687561035,27.35742979,32.19685416,0.221744537
116,0.2,-1,0,36.17131362,20.16197777,0.107460022,0,3.989938736,20.00126076,1.316204071,27.33989105,32.18137488,0.16071701
116,0.3,-1,0,38.17332444,20.17272377,0.081443787,0,5.996645832,20.13288116,-1.894645691,27.33937664,32.17667861,0.039842606
116,0.4,-1,0,40.15507344,20.18086815,-0.005893707,0,8.00046072,19.9434166,3.552837372,27.32997793,32.15461272,0.237451553
116,0.5,-1,0,42.1775116,20.18027878,-0.022335052,0,10.01256657,20.29870033,-3.802108765,27.33005204,32.16494503,-0.118421555
116,0.6,-1,0,44.16267768,20.17804527,0.04776001,0,12.02342606,19.91848946,-1.464748383,27.29217783,32.13925162,0.259555817
116,0.7,-1,0,46.10708357,20.18282127,-0.010738373,0,14.00795126,19.77201462,2.390117645,27.27326728,32.09913231,0.410806656
116,0.8,-1,0,48.07866705,20.18174744,-0.072441101,0,15.99710331,20.01102638,2.487049103,27.26721815,32.08156374,0.170721054
116,0.9,-1,0,50.0992426,20.17450333,0.031223297,0,18.01064119,20.25973129,-3.269329071,27.25313073,32.08860141,-0.085227966
116,1,-1,0,52.08402894,20.17762566,0.085296631,0,20.02026768,19.93279839,1.513576508,27.22794631,32.06376126,0.244827271
116,1.1,-1,0,54.07397789,20.18615532,0.035209656,0,22.0211154,20.08415604,-0.292930603,27.22146591,32.05286249,0.101999283
116,1.2,-1,0,56.06760624,20.18967628,-0.023670197,0,24.02806635,20.05486298,0.534152985,27.20845301,32.03953989,0.134813309
116,1.3,-1,0,58.06621954,20.18730927,-0.092315674,0,26.03622341,20.10827827,0.098571777,27.18921992,32.02999612,0.079030991
116,1.4,-1,0,60.07028647,20.1780777,-0.002803802,0,28.0475441,20.11813545,-0.874671936,27.18242966,32.02274237,0.059942245
116,1.5,-1,0,62.06149544,20.17779732,0.04529953,0,30.05498428,20.03066826,1.311473846,27.17033906,32.00651116,0.147129059
116,1.6,-1,0,64.06824816,20.18232727,0.078983307,0,32.06460848,20.16181564,-3.659305573,27.15361594,32.00363968,0.020511627
116,1.7,-1,0,66.02556479,20.1902256,0.077171326,0,34.06249352,19.79588509,4.684658051,27.13075177,31.96307127,0.394340515
116,1.8,-1,0,68.03371709,20.19794273,-0.049228668,0,36.06550531,20.26435089,0.067653656,27.11959947,31.96821178,-0.066408157
116,1.9,-1,0,70.06857565,20.19301987,-0.014953613,0,38.09227867,20.27111626,-3.194065094,27.13914116,31.97629697,-0.07809639
116,2,-1,0,72.05600143,20.19152451,0.039482117,0,40.10341997,19.95170975,0.490627289,27.10004836,31.95258146,0.239814758
116,2.1,-1,0,74.03450615,20.19547272,0.101928711,0,42.10104408,20.00077248,-0.188121796,27.08127157,31.93346207,0.194700241
116,2.2,-1,0,76.01374456,20.20566559,0.114555359,0,44.10018072,19.9819603,1.410579681,27.06156503,31.91356383,0.223705292
116,2.3,-1,0,78.01172127,20.21712112,-0.076274872,0,46.10542965,20.12301826,-1.463794708,27.05141391,31.90629162,0.094102859
116,2.4,-1,0,79.9936658,20.20949364,-0.129070282,0,48.1104125,19.97663879,1.170845032,27.02369566,31.88325329,0.232854843
116,2.5,-1,0,81.98795351,20.19658661,-0.01783371,0,50.11393061,20.0937233,-0.785388947,27.01454943,31.8740229,0.102863312
116,2.6,-1,0,83.97679938,20.19480324,0.143241882,0,52.11937599,20.0151844,2.346897125,27.00441106,31.85742339,0.179618835
116,2.7,-1,0,85.99670422,20.20912743,0.066127777,0,54.13262892,20.24987411,-2.394199371,27.01651276,31.86407531,-0.040746689
116,2.8,-1,0,87.9900777,20.2157402,-0.035953522,0,56.14564533,20.01045418,-0.491123199,26.98429538,31.84443237,0.205286026
116,2.9,-1,0,89.96442855,20.21214485,-0.064983368,0,58.14423513,19.96134186,0.646820068,26.9694823,31.82019341,0.250802994
116,3,-1,0,91.94751503,20.20564651,-0.073928833,0,60.14360342,20.02602386,-1.079750061,26.93781106,31.8039116,0.17962265
116,3.1,-1,0,93.91779189,20.19825363,-0.009384155,0,62.14080706,19.91804886,3.81155014,26.90259828,31.77698483,0.280204773
116,3.2,-1,0,95.9400095,20.19731522,-0.096321106,0,64.15166969,20.29920387,-3.90920639,26.90697474,31.7883398,-0.101888657
116,3.3,-1,0,97.92249276,20.18768311,-0.079936981,0,66.16204405,19.90828323,0.680751801,26.87564374,31.76044871,0.279399872
116,3.4,-1,0,99.89660349,20.17968941,-0.037784576,0,68.15627613,19.97635841,2.740211487,26.87262654,31.74032736,0.203330994
116,3.5,-1,0,101.9151871,20.17591095,-0.088996887,0,70.16761303,20.25037956,-1.756534576,26.87305115,31.74757408,-0.074468613
116,3.6,-1,0,103.9220933,20.16701126,-0.063076019,0,72.18386831,20.0747261,-2.00296402,26.85340502,31.738225,0.092285156
116,3.7,-1,0,105.8913027,20.16070366,-0.022830963,0,74.1813261,19.8744297,1.699180603,26.8324207,31.70997655,0.286273956
116,3.8,-1,0,107.8756191,20.15842056,-0.010986328,0,76.17726498,20.04434776,2.39616394,26.82089154,31.69835417,0.1140728
116,3.9,-1,0,109.9039137,20.15732193,-0.065689087,0,78.19368057,20.28396416,-1.66009903,26.83816611,31.71023309,-0.126642227
116,4,-1,0,111.9196476,20.15075302,-0.070133209,0,80.21377649,20.11795425,1.413650513,26.82815627,31.70587115,0.032798767
116,4.1,-1,0,113.9480961,20.1437397,-0.019493103,0,82.23264017,20.25931931,-2.536640167,26.83948609,31.71545598,-0.115579605
116,4.2,-1,0,115.9469234,20.14179039,0.07434845,0,84.2458889,20.00565529,-0.737247467,26.81864758,31.7010345,0.136135101
116,4.3,-1,0,117.920915,20.14922523,0.120353699,0,86.24276819,19.93193054,2.39572525,26.79784323,31.67814685,0.217294693
116,4.4,-1,0,119.9264529,20.1612606,0.071353912,0,88.24793987,20.17150307,-0.246181488,26.82667726,31.67851298,-0.010242462
116,4.5,-1,0,121.9397119,20.168396,0.070438385,0,90.26385927,20.14688492,-0.139026642,26.79286274,31.67585262,0.021511078
116,4.6,-1,0,123.9500547,20.17543983,0.158424377,0,92.27785263,20.13298225,-2.789955139,26.78007331,31.67220202,0.042457581
116,4.7,-1,0,125.9163275,20.19128227,0.035610199,0,94.27720108,19.85398674,3.080005646,26.77370894,31.63912642,0.337295532
116,4.8,-1,0,127.9143278,20.19484329,-0.018386841,0,96.27799978,20.1619873,1.070957184,26.74841984,31.63632806,0.032855988
116,4.9,-1,0,129.9437546,20.19300461,0.004920959,0,98.2995533,20.26908302,-1.708927155,26.78718239,31.64420134,-0.076078415
116,5,-1,0,131.9520597,20.1934967,-0.011844635,0,100.317917,20.09819031,0.493373871,26.77067434,31.63414275,0.095306396
116,5.1,-1,0,133.9605792,20.19231224,0.076065063,0,102.3302029,20.14752769,-0.440387726,26.76189259,31.63037637,0.044784546
116,5.2,-1,0,135.965003,20.19991875,0.010070801,0,104.3427537,20.10348892,0.247173309,26.75156421,31.62224931,0.096429825
116,5.3,-1,0,137.9690659,20.20092583,-0.025367737,0,106.3543385,20.12820625,1.018161774,26.74096012,31.61472749,0.072719574
116,5.4,-1,0,139.9892809,20.19838905,-0.128002167,0,108.3722499,20.23002243,0.551567078,26.74665395,31.61703102,-0.031633377
116,5.5,-1,0,142.023991,20.18558884,0.009632111,0,110.39801,20.28517914,-0.20658493,26.7702422,31.62598107,-0.099590302
116,5.6,-1,0,144.0601988,20.18655205,0.150203705,0,112.425495,20.26452065,-2.440376282,26.77826755,31.6347038,-0.077968597
116,5.7,-1,0,146.0560343,20.20157242,0.005970001,0,114.4397451,20.02048302,2.93258667,26.75557214,31.6162892,0.181089401
116,5.8,-1,0,148.0844956,20.20216942,-0.001544952,0,116.4564564,20.31374168,0.196399689,26.77843678,31.62803924,-0.111572266
116,5.9,-1,0,150.1311446,20.20201492,-0.015983582,0,118.4888125,20.33338165,-1.024169922,26.79913708,31.64233204,-0.13136673
116,6,-1,0,152.1623893,20.20041656,-0.063743591,0,120.5170299,20.23096466,-0.685806274,26.79218782,31.64535941,-0.030548096
282,0,-1,0,27.51313874,20.17440033,0.01373291,0,0,20.07831764,0.193767548,22.61623451,27.51313874,0.096082687
282,0.1,-1,0,29.52719994,20.17577362,0.037975311,0,2.008800602,20.0976944,1.763458252,22.62255751,27.51839934,0.078079224
282,0.2,-1,0,31.53597248,20.17957115,0.024852753,0,4.027387333,20.27404022,-4.837589264,22.61028211,27.50858514,-0.09446907
282,0.3,-1,0,33.57624982,20.18205643,-0.014057159,0,6.030603409,19.7902813,-1.008815765,22.6430218,27.54564641,0.391775131
282,0.4,-1,0,35.60068372,20.18065071,-0.082836151,0,8.00458746,19.68939972,3.74162674,22.69070123,27.59609626,0.491250992
282,0.5,-1,0,37.59682364,20.1723671,-0.058937073,0,9.992235565,20.06356239,-0.132484436,22.69958882,27.60458807,0.108804703
282,0.6,-1,0,39.61498552,20.16647339,-0.130786896,0,11.99792938,20.05031395,1.989440918,22.72107507,27.61705614,0.116159439
282,0.7,-1,0,41.62061293,20.1533947,-0.125331879,0,14.01290798,20.24925804,-2.146129608,22.70737011,27.60770495,-0.095863342
282,0.8,-1,0,43.64518764,20.14086151,-0.113544464,0,16.02710314,20.03464508,-0.484313965,22.71033008,27.6180845,0.106216431
282,0.9,-1,0,45.66169122,20.12950706,-0.101070404,0,18.02814608,19.98621368,-0.733280182,22.7342119,27.63354514,0.143293381
282,1,-1,0,47.67714445,20.11940002,0.01657486,0,20.02310104,19.91288567,0.679855347,22.7542052,27.65404341,0.206514359
282,1.1,-1,0,49.68474183,20.12105751,0.003547668,0,22.01778889,19.9808712,2.200889587,22.77176676,27.66695294,0.14018631
282,1.2,-1,0,51.68733863,20.12141228,-0.055828094,0,24.02688046,20.20096016,-1.224937439,22.76760706,27.66045817,-0.079547882
282,1.3,-1,0,53.70450659,20.11582947,0.065517426,0,26.04085178,20.07846642,2.156391144,22.76763153,27.6636548,0.037363052
282,1.4,-1,0,55.70636311,20.12238121,0.044155121,0,28.05948038,20.29410553,-4.741535187,22.75010629,27.64688273,-0.171724319
282,1.5,-1,0,57.74296554,20.12679672,0.025253296,0,30.06518326,19.81995201,3.869762421,22.78101658,27.67778229,0.306844711
282,1.6,-1,0,59.73817124,20.12932205,0.050258636,0,32.06652727,20.20692825,0.623893738,22.77359748,27.67164397,-0.077606201
282,1.7,-1,0,61.7490013,20.13434792,-0.065345764,0,34.09033957,20.26931763,-0.879707336,22.75956882,27.65866173,-0.134969711
282,1.8,-1,0,63.76670618,20.12781334,-0.027866364,0,36.11287279,20.18134689,-2.097816467,22.76550961,27.65383339,-0.053533554
282,1.9,-1,0,65.79119798,20.1250267,0.079784393,0,38.1205184,19.97156525,1.756858826,22.77002789,27.67067958,0.153461456
282,2,-1,0,67.79602101,20.13300514,0.04650116,0,40.12645922,20.14725113,-0.238170624,22.77039926,27.66956179,-0.014245987
282,2.1,-1,0,69.81225261,20.13765526,-0.106201172,0,42.13999348,20.12343407,-0.537071228,22.77034311,27.67225913,0.014221191
282,2.2,-1,0,71.82995334,20.12703514,-0.12544632,0,44.14965153,20.06972694,1.557331085,22.77242675,27.68030181,0.057308197
282,2.3,-1,0,73.83514181,20.11449051,0.037136078,0,46.16441088,20.22546005,-2.245063782,22.76786219,27.67073094,-0.110969543
282,2.4,-1,0,75.85915784,20.11820412,0.128917694,0,48.17573156,20.00095367,2.111320496,22.77923669,27.68342628,0.117250443
282,2.5,-1,0,77.8629587,20.13109589,0.009860992,0,50.18638353,20.21208572,-2.306632996,22.78276657,27.67657517,-0.080989838
282,2.6,-1,0,79.88939031,20.13208199,0.051574707,0,52.19605894,19.98142242,0.876235962,22.79120839,27.69333136,0.150659561
282,2.7,-1,0,81.89961675,20.13723946,-0.019817352,0,54.19858236,20.06904602,0.437240601,22.79576501,27.70103439,0.068193436
282,2.8,-1,0,83.91210554,20.13525772,-0.040740967,0,56.20767317,20.11277008,-0.289936066,22.79644335,27.70443238,0.02248764
282,2.9,-1,0,85.92682925,20.13118362,0.118103027,0,58.2175005,20.08377647,-2.735900879,22.80456529,27.70932875,0.04740715
282,3,-1,0,87.95426167,20.14299393,0.042304993,0,60.21219864,19.81018639,2.92886734,22.83562611,27.74206303,0.332807541
282,3.1,-1,0,89.95498997,20.14722443,-0.134563446,0,62.20786161,20.10307312,0.537834167,22.83882271,27.74712835,0.044151306
282,3.2,-1,0,91.9666358,20.13376808,-0.050029755,0,64.2208581,20.15685654,0.585899353,22.83947454,27.7457777,-0.023088455
282,3.3,-1,0,93.97661914,20.12876511,0.03036499,0,66.23947325,20.21544647,-0.883426666,22.83064794,27.73714589,-0.086681366
282,3.4,-1,0,95.99321862,20.13180161,-0.011119843,0,68.25660076,20.12710381,1.319694519,22.83746439,27.73661786,0.0046978
282,3.5,-1,0,97.99948452,20.13068962,0.137023926,0,70.27590961,20.25907326,-3.272399902,22.82231214,27.7235749,-0.128383636
282,3.6,-1,0,100.0288915,20.14439201,0.230255127,0,72.28545494,19.93183327,0.634002686,22.83856654,27.74343657,0.212558746
282,3.7,-1,0,102.0405294,20.16741753,0.15619278,0,74.28180828,19.99523354,0.53937912,22.84940171,27.75872111,0.17218399
282,3.8,-1,0,104.0550572,20.1830368,0.021839142,0,76.28402853,20.04917145,1.318340302,22.86286057,27.77102865,0.133865356
282,3.9,-1,0,106.0664613,20.18522072,-0.044345856,0,78.29553738,20.18100548,0.051460266,22.8637677,27.77092393,0.00421524
282,4,-1,0,108.0857237,20.18078613,0.009727478,0,80.31389523,20.1861515,-1.568336487,22.86085994,27.77182848,-0.005365372
282,4.1,-1,0,110.1109184,20.18175888,0.040550232,0,82.32466869,20.02931786,1.221656799,22.8668745,27.78624968,0.152441025
282,4.2,-1,0,112.1234243,20.1858139,-0.017375946,0,84.33370876,20.15148354,-0.097961426,22.87712618,27.78971549,0.034330368
282,4.3,-1,0,114.1425202,20.18407631,-0.017642975,0,86.34836731,20.14168739,-0.634460449,22.88429352,27.79415294,0.042388916
282,4.4,-1,0,116.1633994,20.18231201,0.012722015,0,88.35936375,20.07824135,-2.002735138,22.89088085,27.80403569,0.104070663
282,4.5,-1,0,118.1911729,20.18358421,0.024719238,0,90.35717421,19.87796783,-0.094585419,22.91833307,27.8339987,0.305616379
282,4.6,-1,0,120.2096736,20.18605614,-0.049343109,0,92.34449806,19.86850929,0.730133057,22.94664864,27.86517553,0.317546844
282,4.7,-1,0,122.2228589,20.18112183,-0.042076111,0,94.33499966,19.9415226,1.12247467,22.96738354,27.88785926,0.239599228
282,4.8,-1,0,124.2338327,20.17691422,0.023288727,0,96.33476429,20.05377007,1.122837067,22.97634607,27.89906841,0.12314415
282,4.9,-1,0,126.2448685,20.17924309,0.006427765,0,98.34575548,20.16605377,-1.269054413,22.96743046,27.89911305,0.013189316
282,5,-1,0,128.2678013,20.17988586,-0.03036499,0,100.3560156,20.03914833,-1.512126923,22.98441233,27.91178574,0.140737534
282,5.1,-1,0,130.292192,20.17684937,-0.022354126,0,102.3523698,19.88793564,2.977619171,23.01469638,27.93982221,0.288913727
282,5.2,-1,0,132.293499,20.17461395,0.058097839,0,104.3560514,20.18569756,-0.929145813,23.01622776,27.93744758,-0.011083603
282,5.3,-1,0,134.3141554,20.18042374,0.058116913,0,106.3699755,20.09278297,1.954193115,23.02869625,27.94417996,0.087640762
282,5.4,-1,0,136.3219945,20.18623543,0.078792572,0,108.3890247,20.28820229,-2.734375,23.02563093,27.93296979,-0.101966858
282,5.5,-1,0,138.3523634,20.19411469,0.048217773,0,110.4041731,20.01476479,1.073265076,23.03340615,27.94819034,0.179349899
282,5.6,-1,0,140.3652862,20.19893646,-0.018005371,0,112.4110159,20.12209129,-1.168060303,23.04217099,27.95427035,0.076845169
282,5.7,-1,0,142.3900117,20.19713593,-0.019035339,0,114.4173847,20.00528526,0.973701477,23.05666618,27.97262696,0.191850662
282,5.8,-1,0,144.4029659,20.19523239,0.029945374,0,116.4227818,20.10265541,-0.583686829,23.06291131,27.98018412,0.092576981
282,5.9,-1,0,146.4247849,20.19822693,-0.010318756,0,118.4301289,20.04428673,0.977153778,23.08055464,27.99465601,0.153940201
282,6,-1,0,148.439928,20.19719505,-0.187606812,0,120.4394433,20.14200211,0.244121552,23.08098509,28.00048472,0.055192947
282,6.1,-1,0,150.4577775,20.17843437,-0.08234024,0,122.4548641,20.16641426,0.485439301,23.08641994,28.00291336,0.012020111
282,6.2,-1,0,152.4713908,20.17020035,0.100402832,0,124.4739327,20.21495819,0.047893524,23.08320509,27.99745809,-0.044757843
282,6.3,-1,0,154.4883454,20.18024063,-0.032787323,0,126.495668,20.21974754,-1.608657837,23.08953775,27.99267734,-0.039506912
282,6.4,-1,0,156.5143214,20.1769619,-0.110797882,0,128.5095995,20.05888176,0.975589752,23.10198004,28.00472195,0.118080139
282,6.5,-1,0,158.5260493,20.16588211,-0.024261475,0,130.5203656,20.15644073,-3.805770874,23.09563637,28.00568366,0.009441376
282,6.6,-1,0,160.5620117,20.16345596,-0.024433136,0,132.5169808,19.77586365,2.927837372,23.12861351,28.04503087,0.387592316
282,6.7,-1,0,162.5635576,20.16101265,-0.063591003,0,134.5092064,20.06864738,-2.00012207,23.13833912,28.05435117,0.092365265
282,6.8,-1,0,164.5889843,20.15465355,-0.08184433,0,136.5060705,19.86863518,3.512821198,23.15848361,28.08291375,0.286018372
282,6.9,-1,0,166.5867947,20.14646912,-0.041122437,0,138.5104981,20.2199173,-1.36756897,23.1561024,28.07629655,-0.073448181
282,7,-1,0,168.6078663,20.14235687,-0.060577393,0,140.525652,20.0831604,-1.609954834,23.15655513,28.08221431,0.059196472
282,7.1,-1,0,170.6308649,20.13629913,-0.141792297,0,142.5259183,19.92216492,1.223144531,23.15844298,28.10494662,0.214134216
282,7.2,-1,0,172.6382326,20.1221199,0.019397736,0,144.5242505,20.04447937,-2.297344208,23.17652929,28.11398209,0.077640533
282,7.3,-1,0,174.6617029,20.12405968,0.111408234,0,146.5172117,19.81474495,2.152404785,23.19465185,28.1444912,0.309314728
282,7.4,-1,0,176.6636565,20.1352005,-0.005187988,0,148.5094482,20.02998543,-0.736427307,23.21513944,28.15420823,0.105215073
282,7.5,-1,0,178.6805609,20.1346817,-0.12008667,0,150.5087646,19.9563427,1.660137177,23.21924318,28.17179621,0.178339005
282,7.6,-1,0,180.6844967,20.12267303,-0.135746002,0,152.5126996,20.12235641,-1.310710907,23.21620729,28.17179706,0.00031662
282,7.7,-1,0,182.7023245,20.10909843,-0.16456604,0,154.5183817,19.99128532,1.312484741,23.22550416,28.18394279,0.11781311
282,7.8,-1,0,184.7059749,20.09264183,-0.074729919,0,156.5240726,20.1225338,0.832252502,23.22372855,28.1819023,-0.029891968
282,7.9,-1,0,186.7099513,20.08516884,0.252056122,0,158.5404873,20.20575905,-1.028785706,23.21626534,28.16946401,-0.12059021
282,8,-1,0,188.7238286,20.11037445,0.034408569,0,160.5559193,20.10288048,1.856021881,23.21684401,28.16790931,0.007493973
526,4,-1,0,106.211863,20.18370628,0.017337799,0,78.92216167,20.23025513,-1.166419983,22.40596496,27.28970133,-0.046548843
526,4.1,-1,0,108.2346265,20.18544006,-0.030040741,0,80.93935509,20.11361313,1.713027954,22.40656827,27.29527138,0.071826935
526,4.2,-1,0,110.2428661,20.18243599,-0.055503845,0,82.95928154,20.28491592,-0.191268921,22.39632003,27.28358452,-0.102479935
526,4.3,-1,0,112.2595712,20.1768856,-0.093460083,0,84.98681679,20.26578903,-1.565742493,22.39510512,27.27275443,-0.088903427
526,4.4,-1,0,114.28248,20.1675396,-0.061683655,0,87.00556698,20.10921478,4.394798279,22.40235697,27.27691303,0.058324814
526,4.5,-1,0,116.2756527,20.16137123,0.005474091,0,89.03846245,20.54869461,-3.761348724,22.36152484,27.23719026,-0.38732338
526,4.6,-1,0,118.3081268,20.16191864,0.071029663,0,91.07452517,20.17255974,0.973491669,22.35473089,27.23360162,-0.010641098
526,4.7,-1,0,120.3191006,20.16902161,0.084762573,0,93.0966486,20.26990891,-2.536487579,22.34424362,27.22245201,-0.100887299
526,4.8,-1,0,122.3477721,20.17749786,0.016326904,0,95.11095705,20.01626015,0.430603027,22.35180599,27.23681505,0.161237717
526,4.9,-1,0,124.3632289,20.17913055,0.003185272,0,97.11473608,20.05932045,1.80398941,22.35228527,27.24849284,0.119810104
526,5,-1,0,126.3719334,20.17944908,0.083999634,0,99.12968807,20.23971939,-1.123332977,22.35170525,27.24224537,-0.060270309
526,5.1,-1,0,128.3964669,20.18784904,-0.033855438,0,101.1480433,20.12738609,0.435504913,22.34664132,27.2484236,0.060462952
526,5.2,-1,0,130.4154318,20.1844635,-0.093078613,0,103.1629595,20.17093658,-0.582313538,22.3423785,27.25247229,0.013526917
526,5.3,-1,0,132.4362801,20.17515564,0.038070679,0,105.1771416,20.11270523,-0.143642426,22.36541765,27.25913852,0.062450409
526,5.4,-1,0,134.4541551,20.17896271,0.057640076,0,107.1876939,20.09834099,1.899795532,22.36691032,27.26646123,0.080621719
526,5.5,-1,0,136.4641731,20.18472672,0.081272125,0,109.207027,20.28832054,-1.508769989,22.36303903,27.25714613,-0.103593826
526,5.6,-1,0,138.4896156,20.19285393,0.041713715,0,111.2283152,20.13744354,2.438106537,22.38129459,27.26130043,0.055410385
526,5.7,-1,0,140.4979847,20.1970253,-0.074710846,0,113.25425,20.3812542,-4.540271759,22.36283113,27.24373461,-0.184228897
526,5.8,-1,0,142.5394639,20.18955421,0.02948761,0,115.2696741,19.92722702,3.70672226,22.37833531,27.26978977,0.262327194
526,5.9,-1,0,144.5412759,20.19250298,0.033969879,0,117.2809304,20.29789925,-1.559276581,22.36674569,27.26034544,-0.105396271
526,6,-1,0,146.5685903,20.19589996,0.03490448,0,119.302924,20.14197159,-0.286712646,22.3786965,27.26566631,0.053928375
526,6.1,-1,0,148.5884462,20.19939041,-0.031757355,0,121.3156876,20.11330032,1.508331299,22.3958935,27.27275865,0.086090088
526,6.2,-1,0,150.6009816,20.19621468,-0.056800842,0,123.3345592,20.26413345,0.096149445,22.38512121,27.26642237,-0.067918777
526,6.3,-1,0,152.6197185,20.19053459,0.024471283,0,125.3614533,20.2737484,-0.238304138,22.36749207,27.25826513,-0.083213806
526,6.4,-1,0,154.6388362,20.19298172,-0.020084381,0,127.3876367,20.24991798,-1.17181778,22.37011672,27.25119949,-0.056936264
526,6.5,-1,0,156.6633972,20.19097328,0.017662048,0,129.4067694,20.13273621,-0.877914429,22.36861658,27.25662779,0.058237076
526,6.6,-1,0,158.685738,20.19273949,-0.029067993,0,131.4156534,20.04494476,2.333774567,22.36643646,27.2700846,0.147794724
526,6.7,-1,0,160.6949779,20.18983269,-0.035915375,0,133.4318168,20.27832222,0.738792419,22.35458823,27.26316114,-0.088489532
526,6.8,-1,0,162.7104073,20.18624115,0.100002289,0,135.463343,20.35220146,-1.518917084,22.33544634,27.24706433,-0.165960312
526,6.9,-1,0,164.7374246,20.19624138,0.086231232,0,137.4909685,20.20030975,0.976734161,22.3292643,27.24645604,-0.004068375
526,7,-1,0,166.7544122,20.2048645,0.060062408,0,139.5158832,20.29798317,-0.673503876,22.32941323,27.23852902,-0.093118668
541,2,-1,0,61.81529217,20.12649345,-0.11554718,0,40.45550718,20.05396271,-1.027431488,16.21828642,21.35978499,0.072530746
541,2.1,-1,0,63.83203985,20.11493874,-0.094909668,0,42.4557663,19.95121956,0.073757172,16.22752182,21.37627355,0.163719177
541,2.2,-1,0,65.84205353,20.10544777,0.074214935,0,44.45125704,19.95859528,1.927719116,16.23840911,21.39079649,0.146852493
541,2.3,-1,0,67.84194101,20.11286926,0.283126831,0,46.45675516,20.15136719,1.905479431,16.24590314,21.38518585,-0.038497925
541,2.4,-1,0,69.84429362,20.14118195,0.147228241,0,48.48141928,20.34191513,0.659370422,16.21104152,21.36287434,-0.200733185
541,2.5,-1,0,71.85733275,20.15590477,0.120792389,0,50.51890764,20.40785217,-3.069190979,16.19115252,21.33842511,-0.251947403
541,2.6,-1,0,73.88895552,20.16798401,0.058937073,0,52.5443469,20.10093307,2.31294632,16.20980317,21.34460861,0.067050934
541,2.7,-1,0,75.89553123,20.17387772,-0.109481812,0,54.56600494,20.33222771,-1.899852753,16.14294491,21.32952628,-0.158349991
541,2.8,-1,0,77.92229416,20.16292953,-0.060272217,0,56.58972845,20.14224243,-0.811481476,16.18150966,21.33256571,0.020687103
541,2.9,-1,0,79.94202771,20.15690231,0.079135895,0,58.59989529,20.06109428,-0.949935913,16.18265567,21.34213242,0.095808029
541,3,-1,0,81.96295023,20.1648159,0.00289917,0,60.60125504,19.96610069,3.831768036,16.20345821,21.36169519,0.19871521
541,3.1,-1,0,83.96103711,20.16510582,-0.105571747,0,62.61702394,20.3492775,-0.318489075,16.19878764,21.34401317,-0.184171677
541,3.2,-1,0,85.97921363,20.15454865,-0.064868927,0,64.65035925,20.31742859,1.060943604,16.17729407,21.32885438,-0.162879944
541,3.3,-1,0,87.98948933,20.14806175,-0.028305054,0,66.68740683,20.42352295,-2.541980743,16.1415939,21.30208251,-0.275461197
541,3.4,-1,0,90.01679672,20.14523125,0.0481987,0,68.71704922,20.16932487,-0.510921478,16.14104179,21.2997475,-0.024093628
541,3.5,-1,0,92.03369802,20.15005112,0.129547119,0,70.7314271,20.11823273,2.313194275,16.14937118,21.30227092,0.03181839
541,3.6,-1,0,94.03756001,20.16300583,0.096378326,0,72.75481634,20.34955215,-0.648918152,16.13748381,21.28274366,-0.186546326
541,3.7,-1,0,96.05779362,20.17264366,0.082626343,0,74.78652697,20.28466034,-0.220222473,16.12770219,21.27126665,-0.112016678
541,3.8,-1,0,98.07662221,20.1809063,0.083236694,0,76.81389189,20.26263809,-1.678657532,16.10443684,21.26273033,-0.081731796
541,3.9,-1,0,100.1034688,20.18922997,0.026702881,0,78.83176241,20.09477234,0.369510651,16.13051803,21.27170641,0.094457626
541,4,-1,0,102.1203265,20.19190025,0.001544952,0,80.8430872,20.1317234,3.418922424,16.13333653,21.27723931,0.060176849
541,4.1,-1,0,104.1222037,20.19205475,-0.021190643,0,82.87335415,20.47361565,-0.92628479,16.11011025,21.24884959,-0.281560898
541,4.2,-1,0,106.1453838,20.18993568,0.015335083,0,84.91608429,20.38098717,-1.732521057,16.09475802,21.22929953,-0.191051483
541,4.3,-1,0,108.172642,20.19146919,0.00421524,0,86.9455204,20.20773506,2.015190125,16.09621577,21.22712164,-0.016265869
541,4.4,-1,0,110.1814276,20.19189072,0.016746521,0,88.97636986,20.40925407,0.627098083,16.07925065,21.2050577,-0.217363358
541,4.5,-1,0,112.1972228,20.19356537,0.040645599,0,91.02043076,20.47196388,-0.359745026,16.03984032,21.17679201,-0.278398514
541,4.6,-1,0,114.2182162,20.19762993,-0.042705536,0,93.06582842,20.43598938,-1.259059906,16.01771731,21.15238781,-0.238359451
541,4.7,-1,0,116.2442696,20.19335938,-0.138645172,0,95.10313206,20.31008339,1.676673889,16.01115435,21.14113753,-0.116724014
541,4.8,-1,0,118.2543934,20.17949486,-0.03780365,0,97.14252377,20.47775078,-1.939182281,15.9833387,21.11186968,-0.29825592
541,4.9,-1,0,120.2816641,20.17571449,0.037498474,0,99.18060293,20.28383255,-0.948600769,15.96534805,21.10106115,-0.108118057
541,5,-1,0,122.3044651,20.17946434,-0.034637451,0,101.2042432,20.18897247,2.962017059,15.96425947,21.10022196,-0.009508133
963,6.1,-1,0,147.6366246,20.18544006,-0.030040741,0,120.3413532,20.11361313,1.713027954,22.40656827,27.29527138,0.071826935
963,6.2,-1,0,149.6448642,20.18243599,-0.055503845,0,122.3612797,20.28491592,-0.191268921,22.39632003,27.28358452,-0.102479935
963,6.3,-1,0,151.6615694,20.1768856,-0.093460083,0,124.3888149,20.26578903,-1.565742493,22.39510512,27.27275443,-0.088903427
963,6.4,-1,0,153.6844781,20.1675396,-0.061683655,0,126.4075651,20.10921478,4.394798279,22.40235697,27.27691303,0.058324814
963,6.5,-1,0,155.6776508,20.16137123,0.005474091,0,128.4404606,20.54869461,-3.761348724,22.36152484,27.23719026,-0.38732338
963,6.6,-1,0,157.7101249,20.16191864,0.071029663,0,130.4765233,20.17255974,0.973491669,22.35473089,27.23360162,-0.010641098
963,6.7,-1,0,159.7210988,20.16902161,0.084762573,0,132.4986467,20.26990891,-2.536487579,22.34424362,27.22245201,-0.100887299
963,6.8,-1,0,161.7497702,20.17749786,0.016326904,0,134.5129552,20.01626015,0.430603027,22.35180599,27.23681505,0.161237717
963,6.9,-1,0,163.7652271,20.17913055,0.003185272,0,136.5167342,20.05932045,1.80398941,22.35228527,27.24849284,0.119810104
963,7,-1,0,165.7739316,20.17944908,0.083999634,0,138.5316862,20.23971939,-1.123332977,22.35170525,27.24224537,-0.060270309
963,7.1,-1,0,167.7984651,20.18784904,-0.033855438,0,140.5500415,20.12738609,0.435504913,22.34664132,27.2484236,0.060462952
963,7.2,-1,0,169.8174299,20.1844635,-0.093078613,0,142.5649576,20.17093658,-0.582313538,22.3423785,27.25247229,0.013526917
963,7.3,-1,0,171.8382782,20.17515564,0.038070679,0,144.5791397,20.11270523,-0.143642426,22.36541765,27.25913852,0.062450409
963,7.4,-1,0,173.8561533,20.17896271,0.057640076,0,146.589692,20.09834099,1.899795532,22.36691032,27.26646123,0.080621719
963,7.5,-1,0,175.8661712,20.18472672,0.081272125,0,148.6090251,20.28832054,-1.508769989,22.36303903,27.25714613,-0.103593826
963,7.6,-1,0,177.8916137,20.19285393,0.041713715,0,150.6303133,20.13744354,2.438106537,22.38129459,27.26130043,0.055410385
963,7.7,-1,0,179.8999828,20.1970253,-0.074710846,0,152.6562482,20.3812542,-4.540271759,22.36283113,27.24373461,-0.184228897
963,7.8,-1,0,181.941462,20.18955421,0.02948761,0,154.6716722,19.92722702,3.70672226,22.37833531,27.26978977,0.262327194
963,7.9,-1,0,183.943274,20.19250298,0.033969879,0,156.6829286,20.29789925,-1.559276581,22.36674569,27.26034544,-0.105396271
963,8,-1,0,185.9705884,20.19589996,0.03490448,0,158.7049221,20.14197159,-0.286712646,22.3786965,27.26566631,0.053928375
963,8.1,-1,0,187.9904443,20.19939041,-0.031757355,0,160.7176857,20.11330032,1.508331299,22.3958935,27.27275865,0.086090088
963,8.2,-1,0,190.0029798,20.19621468,-0.056800842,0,162.7365574,20.26413345,0.096149445,22.38512121,27.26642237,-0.067918777
963,8.3,-1,0,192.0217166,20.19053459,0.024471283,0,164.7634515,20.2737484,-0.238304138,22.36749207,27.25826513,-0.083213806
963,8.4,-1,0,194.0408343,20.19298172,-0.020084381,0,166.7896348,20.24991798,-1.17181778,22.37011672,27.25119949,-0.056936264
963,8.5,-1,0,196.0653953,20.19097328,0.017662048,0,168.8087675,20.13273621,-0.877914429,22.36861658,27.25662779,0.058237076
1096,4,-1,0,109.363936,20.17668152,0.019207001,0,81.67129116,20.481287,-3.654232025,22.81813579,27.69264489,-0.304605484
1096,4.1,-1,0,111.3988823,20.17860222,0.03194809,0,83.7011487,20.1158638,1.700553894,22.82444279,27.69773357,0.062738419
1096,4.2,-1,0,113.4078563,20.18179703,0.060997009,0,85.72123785,20.28591919,-0.687713623,22.79381333,27.68661843,-0.104122162
1096,4.3,-1,0,115.4299635,20.18789673,-0.028171539,0,87.7463912,20.21714783,-0.076560974,22.78087263,27.68357234,-0.029251099
1096,4.4,-1,0,117.447069,20.18507957,-0.050735474,0,89.76772318,20.20949173,-0.98323822,22.79145288,27.67934584,-0.024412155
1096,4.5,-1,0,119.4695155,20.18000603,-0.058021545,0,91.78375616,20.11116791,-0.644321442,22.80372573,27.68575932,0.06883812
1096,4.6,-1,0,121.4913348,20.17420387,-0.081119537,0,93.79165134,20.04673576,2.392253876,22.80357892,27.6996835,0.127468109
1096,4.7,-1,0,123.4967363,20.16609192,0.031433105,0,95.80828619,20.28596115,-3.412818909,22.79154494,27.68845013,-0.119869232
1096,4.8,-1,0,125.5293347,20.16923523,0.029582977,0,97.81981821,19.94467926,3.143157959,22.81302469,27.70951645,0.224555969
1096,4.9,-1,0,127.5301579,20.17219353,0.013027191,0,99.83000193,20.25899506,0.629825592,22.82003971,27.70015594,-0.086801529
1096,5,-1,0,129.5428665,20.17349625,0.093288422,0,101.8590506,20.32197762,-3.174152374,22.80515882,27.68381592,-0.148481369
1096,5.1,-1,0,131.5754041,20.18282509,0.030117035,0,103.8753776,20.00456238,1.603069305,22.80881189,27.7000265,0.178262711
1096,5.2,-1,0,133.5856809,20.18583679,-0.001907349,0,105.8838491,20.16486931,-0.827522278,22.81189529,27.70183173,0.020967484
1096,5.3,-1,0,135.6073416,20.18564606,0.036315918,0,107.8961985,20.08211708,0.346736908,22.81859651,27.71114316,0.103528976
1096,5.4,-1,0,137.6233495,20.18927765,0.041923523,0,109.9061439,20.11679077,-1.469573975,22.83738911,27.71720564,0.072486877
1096,5.5,-1,0,139.6485161,20.19347,0.058231354,0,111.9104751,19.96983337,2.69367218,22.8515846,27.73804108,0.223636627
1096,5.6,-1,0,141.6536765,20.19929314,0.054473877,0,113.9209268,20.23920059,0.042133331,22.86242563,27.73274976,-0.039907455
1096,5.7,-1,0,143.6720764,20.20474052,0.032939911,0,115.9450575,20.24341393,-0.915336609,22.85165456,27.72701886,-0.038673401
1096,5.8,-1,0,145.6961203,20.20803452,-0.011901855,0,117.9648222,20.15188026,-0.999279022,22.8554849,27.73129814,0.056154251
1096,5.9,-1,0,147.7210551,20.20684433,-0.095939636,0,119.9750138,20.05195236,1.907978058,22.87415974,27.74604122,0.154891968
1096,6,-1,0,149.7316251,20.19725037,-0.056209564,0,121.989749,20.24275017,-0.04365921,22.87673122,27.74187619,-0.045499802
1096,6.1,-1,0,151.7503634,20.19162941,0.047111511,0,124.0138057,20.23838425,0.776405334,22.86781596,27.73655771,-0.046754837
1096,6.2,-1,0,153.7650105,20.19634056,-0.034637451,0,126.0415261,20.31602478,-2.041168213,22.85879428,27.72348434,-0.119684219
1096,6.3,-1,0,155.7925879,20.19287682,-0.037231445,0,128.0629228,20.11190796,1.75743103,22.86436854,27.72966514,0.080968857
1096,6.4,-1,0,157.8012364,20.18915367,0.024662018,0,130.0829007,20.28765106,-1.068706512,22.85188852,27.71833573,-0.098497391
1096,6.5,-1,0,159.8236206,20.19161987,-0.005302429,0,132.1063223,20.18078041,0.230503082,22.85280513,27.71729827,0.010839462
1096,6.6,-1,0,161.8410256,20.19108963,-0.019054413,0,134.1255528,20.20383072,-0.877799988,22.84357287,27.71547272,-0.012741089
1096,6.7,-1,0,163.8635451,20.18918419,0.056056976,0,136.1415469,20.11605072,-0.350170135,22.85708947,27.72199816,0.073133469
1096,6.8,-1,0,165.8839638,20.19478989,0.047550201,0,138.1514011,20.08103371,-0.042705536,22.86232821,27.7325627,0.11375618
1096,6.9,-1,0,167.9032397,20.19954491,-0.01707077,0,140.159291,20.07676315,-0.040626526,22.86993406,27.74394868,0.122781754
1096,7,-1,0,169.9215547,20.19783783,-0.033245087,0,142.1667642,20.0727005,1.456832886,22.88053538,27.75479056,0.125137329
1863,4,-1,0,98.93557049,20.202528,-0.047969818,0,80.73810053,20.10573387,-0.296173096,13.32888223,18.19746996,0.096794128
1863,4.1,-1,0,100.9581222,20.19773102,-0.098628998,0,82.74719305,20.07611656,2.639713287,13.35477138,18.21092916,0.121614456
1863,4.2,-1,0,102.9650582,20.18786812,0.036411285,0,84.76800327,20.34008789,0.401687622,13.34399322,18.1970549,-0.152219772
1863,4.3,-1,0,104.9818529,20.19150925,0.164299011,0,86.8040205,20.38025665,-3.63735199,13.32489398,18.1778324,-0.188747406
1863,4.4,-1,0,107.0208109,20.20793915,0.044651031,0,88.82385941,20.01652145,1.81728363,13.33863321,18.19695154,0.191417694
1863,4.5,-1,0,109.0332638,20.21240425,-0.082015991,0,90.83459797,20.19824982,-2.518177032,13.35857604,18.19866583,0.014154434
1863,4.6,-1,0,111.0671978,20.20420265,-0.059165955,0,92.84183207,19.94643211,4.747009277,13.37691553,18.22536572,0.257770538
1863,4.7,-1,0,113.0633743,20.19828606,0.001621246,0,94.86021032,20.42113304,-0.958614349,13.36224639,18.20316398,-0.222846985
1863,4.8,-1,0,115.0873694,20.19844818,0.098762512,0,96.89753056,20.32527161,1.198234558,13.34106654,18.18983883,-0.126823425
1863,4.9,-1,0,117.101271,20.20832443,-0.076160431,0,98.93604889,20.44509506,-4.806175232,13.31903885,18.16522215,-0.23677063
1863,5,-1,0,119.1465189,20.20070839,-0.309944153,0,100.9565275,19.96447754,3.038711548,13.3403024,18.18999141,0.23623085
1863,5.1,-1,0,121.148815,20.16971397,-0.075798035,0,102.9681688,20.26834869,-1.549034119,13.3280194,18.1806462,-0.09863472
1863,5.2,-1,0,123.1722319,20.16213417,0.053138733,0,104.9872585,20.11344528,1.152553558,13.34173789,18.18497339,0.048688889
1863,5.3,-1,0,125.1824121,20.16744804,-0.004405975,0,107.0043658,20.22870064,1.211090088,13.32329919,18.17804625,-0.061252594
1863,5.4,-1,0,127.1929876,20.16700745,-0.006446838,0,109.0332913,20.34980965,0.08813858,13.30717106,18.15969629,-0.1828022
1863,5.5,-1,0,129.2099645,20.16636276,0.002098083,0,111.068713,20.3586235,-1.678237915,13.29035584,18.14125149,-0.192260742
1863,5.6,-1,0,131.2348723,20.16657257,0.00869751,0,113.0961842,20.19079971,2.894096375,13.29100183,18.13868813,-0.024227142
1863,5.7,-1,0,133.2364298,20.16744232,0.03616333,0,115.1297346,20.48020935,-0.895824432,13.25692252,18.10669521,-0.312767029
1863,5.8,-1,0,135.257564,20.17105865,0.079917908,0,117.1732764,20.39062691,-4.473552704,13.24593701,18.08428755,-0.219568253
1863,5.9,-1,0,137.2965594,20.17905045,0.056552887,0,119.1899714,19.94327164,4.104862213,13.2731094,18.10658809,0.235778809
1863,6,-1,0,139.2937375,20.18470573,0.045204163,0,121.2048228,20.35375786,-0.34734726,13.25030804,18.08891464,-0.169052124
2523,4,-1,0,109.3384651,20.18789673,-0.028171539,0,81.65489273,20.21714783,-0.076560974,22.78087263,27.68357234,-0.029251099
2523,4.1,-1,0,111.3555705,20.18507957,-0.050735474,0,83.67622471,20.20949173,-0.98323822,22.79145288,27.67934584,-0.024412155
2523,4.2,-1,0,113.378017,20.18000603,-0.058021545,0,85.69225769,20.11116791,-0.644321442,22.80372573,27.68575932,0.06883812
2523,4.3,-1,0,115.3998364,20.17420387,-0.081119537,0,87.70015287,20.04673576,2.392253876,22.80357892,27.6996835,0.127468109
2523,4.4,-1,0,117.4052378,20.16609192,0.031433105,0,89.71678772,20.28596115,-3.412818909,22.79154494,27.68845013,-0.119869232
2523,4.5,-1,0,119.4378362,20.16923523,0.029582977,0,91.72831974,19.94467926,3.143157959,22.81302469,27.70951645,0.224555969
2523,4.6,-1,0,121.4386594,20.17219353,0.013027191,0,93.73850346,20.25899506,0.629825592,22.82003971,27.70015594,-0.086801529
2523,4.7,-1,0,123.451368,20.17349625,0.093288422,0,95.76755209,20.32197762,-3.174152374,22.80515882,27.68381592,-0.148481369
2523,4.8,-1,0,125.4839056,20.18282509,0.030117035,0,97.78387909,20.00456238,1.603069305,22.80881189,27.7000265,0.178262711
2523,4.9,-1,0,127.4941824,20.18583679,-0.001907349,0,99.79235067,20.16486931,-0.827522278,22.81189529,27.70183173,0.020967484
2523,5,-1,0,129.5158432,20.18564606,0.036315918,0,101.8047,20.08211708,0.346736908,22.81859651,27.71114316,0.103528976
2523,5.1,-1,0,131.531851,20.18927765,0.041923523,0,103.8146454,20.11679077,-1.469573975,22.83738911,27.71720564,0.072486877
2523,5.2,-1,0,133.5570177,20.19347,0.058231354,0,105.8189766,19.96983337,2.69367218,22.8515846,27.73804108,0.223636627
2523,5.3,-1,0,135.5621781,20.19929314,0.054473877,0,107.8294283,20.23920059,0.042133331,22.86242563,27.73274976,-0.039907455
2523,5.4,-1,0,137.5805779,20.20474052,0.032939911,0,109.853559,20.24341393,-0.915336609,22.85165456,27.72701886,-0.038673401
2523,5.5,-1,0,139.6046219,20.20803452,-0.011901855,0,111.8733237,20.15188026,-0.999279022,22.8554849,27.73129814,0.056154251
2523,5.6,-1,0,141.6295566,20.20684433,-0.095939636,0,113.8835154,20.05195236,1.907978058,22.87415974,27.74604122,0.154891968
2523,5.7,-1,0,143.6401267,20.19725037,-0.056209564,0,115.8982505,20.24275017,-0.04365921,22.87673122,27.74187619,-0.045499802
2523,5.8,-1,0,145.6588649,20.19162941,0.047111511,0,117.9223072,20.23838425,0.776405334,22.86781596,27.73655771,-0.046754837
2523,5.9,-1,0,147.673512,20.19634056,-0.034637451,0,119.9500277,20.31602478,-2.041168213,22.85879428,27.72348434,-0.119684219
2523,6,-1,0,149.7010894,20.19287682,-0.037231445,0,121.9714243,20.11190796,1.75743103,22.86436854,27.72966514,0.080968857
3481,2,-1,0,59.4187674,20.15560722,-0.074558258,0,41.34900703,20.24658203,0.537509918,12.84186749,18.06976037,-0.090974808
3481,2.1,-1,0,61.43123818,20.1481514,-0.016365051,0,43.37635279,20.30033302,0.073051453,12.83876849,18.0548854,-0.152181625
3481,2.2,-1,0,63.44555067,20.14651489,0.005092621,0,45.40675135,20.30763817,-0.586109161,12.80511097,18.03879933,-0.161123276
3481,2.3,-1,0,65.46342475,20.14702415,-0.062065125,0,47.43458462,20.24902725,1.074180603,12.80487353,18.02884013,-0.102003098
3481,2.4,-1,0,67.47274175,20.14081764,-0.130062103,0,49.46485825,20.35644531,-2.709960938,12.77483912,18.0078835,-0.21562767
3481,2.5,-1,0,69.50025306,20.12781143,-0.013751984,0,51.48695297,20.08544922,2.392902374,12.79559197,18.01330008,0.042362213
3481,2.6,-1,0,71.50027786,20.12643623,-0.031719208,0,53.50746241,20.32473946,0.366516113,12.76425334,17.99281546,-0.198303223
3481,2.7,-1,0,73.5111625,20.12326431,-0.160923004,0,55.54176893,20.36139107,-0.09771347,12.74628409,17.96939357,-0.238126755
3481,2.8,-1,0,75.52314383,20.10717201,-0.05695343,0,57.57741947,20.35161972,-1.757602692,12.72643482,17.94572436,-0.244447708
3481,2.9,-1,0,77.54122197,20.10147667,0.050964355,0,59.60379343,20.17585945,0.51197052,12.71518857,17.93742854,-0.074382782
3481,3,-1,0,79.54895804,20.1065731,0.001564026,0,61.62393923,20.2270565,-1.048698425,12.69215133,17.92501881,-0.120483398
3481,3.1,-1,0,81.56470451,20.10672951,-0.012207031,0,63.64140139,20.12218666,2.538738251,12.69294906,17.92330313,-0.015457153
3481,3.2,-1,0,83.56213547,20.1055088,-0.024089813,0,65.66631374,20.37606049,3.051128387,12.6764218,17.89582172,-0.270551682
3481,3.3,-1,0,85.55718176,20.10309982,-0.037918091,0,67.71917543,20.68117332,-4.149913788,12.60130269,17.83800632,-0.578073502
3481,3.4,-1,0,87.5884609,20.09930801,-0.045776367,0,69.7665432,20.26618195,-0.733089447,12.60191028,17.8219177,-0.166873932
3481,3.5,-1,0,89.60171789,20.09473038,0.03786087,0,71.78949594,20.192873,0.539264679,12.5947463,17.81222195,-0.098142624
3481,3.6,-1,0,91.60784223,20.09851646,0.111675262,0,73.81147957,20.24679947,-0.221176147,12.56996014,17.79636266,-0.148283005
3481,3.7,-1,0,93.62001361,20.10968399,0.09929657,0,75.83505363,20.22468185,-1.584777832,12.56250376,17.78495997,-0.114997864
3481,3.8,-1,0,95.63899482,20.11961365,0.000553131,0,77.84959793,20.06620407,2.833423615,12.57411421,17.78939689,0.053409576
3481,3.9,-1,0,97.6370913,20.11966896,-0.054969788,0,79.87038546,20.34954643,1.256828308,12.55517683,17.76670584,-0.229877472
3481,4,-1,0,99.64260029,20.11417198,0.111236572,0,81.91162424,20.47522926,-2.236976624,12.50861067,17.73097605,-0.361057281
3481,4.1,-1,0,101.6656284,20.12529564,0.172309875,0,83.94796228,20.2515316,1.490325928,12.48536421,17.71766616,-0.126235962
3481,4.2,-1,0,103.6717276,20.14252663,0.016841888,0,85.98056707,20.40056419,-3.122005463,12.48107584,17.69116051,-0.258037567
3481,4.3,-1,0,105.7028121,20.14421082,-0.057315826,0,88.00501347,20.08836365,3.640842438,12.47938693,17.69779861,0.055847168
3481,4.4,-1,0,107.6991029,20.13847923,-0.026779175,0,90.03205404,20.45244789,-2.344398499,12.45453471,17.66704888,-0.313968658
3481,4.5,-1,0,109.7250704,20.13580132,-0.001468658,0,92.06557684,20.21800804,-0.437660217,12.43977366,17.65949355,-0.082206726
3481,4.6,-1,0,111.7412615,20.13565445,-0.045146942,0,94.08518934,20.17424202,-0.508213043,12.43956541,17.65607213,-0.03858757
3481,4.7,-1,0,113.757795,20.13113976,-0.108184814,0,96.10007248,20.12342072,0.828361511,12.45229484,17.65772249,0.00771904
3481,4.8,-1,0,115.7666949,20.12032127,0.045681,0,98.11655636,20.20625687,1.247997284,12.45270384,17.6501385,-0.085935593
3481,4.9,-1,0,117.7724955,20.12488937,0.032405853,0,100.143422,20.33105659,-0.87392807,12.42575275,17.6290735,-0.206167221
3481,5,-1,0,119.7901338,20.12812996,0.020122528,0,102.1721581,20.24366379,-3.196487427,12.41336803,17.61797576,-0.115533829
3481,5.1,-1,0,121.8186516,20.13014221,0.111083984,0,104.180542,19.92401505,1.188411713,12.43761366,17.63810962,0.206127167
3481,5.2,-1,0,123.8269403,20.14125061,0.060634613,0,106.1788856,20.04285622,-1.189117432,12.45139879,17.64805478,0.098394394
3481,5.3,-1,0,125.8478884,20.14731407,0.069980621,0,108.1772256,19.92394447,1.083469391,12.46163436,17.67066284,0.223369598
3481,5.4,-1,0,127.8571837,20.15431213,0.097522736,0,110.1750374,20.03229141,1.380271912,12.47365738,17.68214632,0.122020721
3481,5.5,-1,0,129.8664937,20.16406441,0.144271851,0,112.1851679,20.1703186,-1.486625671,12.48615183,17.68132581,-0.006254196
3481,5.6,-1,0,131.8906581,20.17849159,0.105037689,0,114.1947666,20.02165604,-1.607265472,12.50374611,17.69589146,0.156835556
3481,5.7,-1,0,133.9171708,20.18899536,0.01789093,0,116.1888959,19.86092949,3.158092499,12.53841718,17.72827491,0.328065872
3481,5.8,-1,0,135.9202666,20.19078445,0.035896301,0,118.1907793,20.17673874,-1.782875061,12.5256134,17.72948728,0.014045715
3481,5.9,-1,0,137.9483007,20.19437408,0.077991486,0,120.1995388,19.99845123,1.541481018,12.54414014,17.74876193,0.195922852
3481,6,-1,0,139.9602242,20.20217323,0.023384094,0,122.2070913,20.15259933,-4.270744324,12.54886224,17.75313284,0.049573898
3481,6.1,-1,0,142.0019525,20.20451164,-0.011234283,0,124.2009975,19.7255249,3.485927582,12.59315101,17.80095497,0.47898674
3481,6.2,-1,0,144.0046244,20.20338821,-0.011081696,0,126.1909797,20.07411766,0.212459564,12.59004596,17.81364468,0.129270554
3481,6.3,-1,0,146.0229075,20.20228004,-0.03528595,0,128.1994537,20.09536362,0.103778839,12.61799826,17.8234538,0.106916428
3481,6.4,-1,0,148.0422378,20.19875145,-0.069103241,0,130.209509,20.1057415,-0.217628479,12.61732502,17.83272881,0.093009949
3481,6.5,-1,0,150.0622014,20.19184113,-0.088615417,0,132.218995,20.08397865,-0.766029358,12.61715652,17.84320642,0.107862473
3481,6.6,-1,0,152.0844062,20.18297958,-0.032978058,0,134.2235627,20.00737572,3.107738495,12.64267359,17.86084351,0.175603867
3481,6.7,-1,0,154.0872419,20.17968178,0.012512207,0,136.239839,20.31814957,-1.350421906,12.63936819,17.84740295,-0.138467789
3481,6.8,-1,0,156.1116583,20.180933,-0.043067932,0,138.2649018,20.18310738,0.125732422,12.63605142,17.84675646,-0.002174377
3481,6.9,-1,0,158.1289028,20.17662621,-0.041732788,0,140.2838412,20.19568062,-1.291732788,12.63501337,17.84506157,-0.019054413
3481,7,-1,0,160.1529877,20.17245293,0.06067276,0,142.2969506,20.06650734,1.215419769,12.63188694,17.85603712,0.105945587
3481,7.1,-1,0,162.1647863,20.1785202,0.009555817,0,144.3096785,20.18804932,-0.803375244,12.63373161,17.85510779,-0.009529114
3481,7.2,-1,0,164.1869085,20.17947578,-0.042362213,0,146.3244665,20.10771179,1.730556488,12.64505095,17.86244196,0.071763992
3481,7.3,-1,0,166.1961555,20.17523956,-0.001316071,0,148.3438905,20.28076744,-1.440010071,12.62376775,17.85226502,-0.105527878
3481,7.4,-1,0,168.2214753,20.17510796,0.0258255,0,150.3647672,20.13676643,0.100841522,12.63406164,17.85670811,0.038341522
3481,7.5,-1,0,170.2390738,20.17769051,0.036869049,0,152.378948,20.14685059,0.095901489,12.64061019,17.86012575,0.03083992
3549,2,-1,0,74.17833957,20.11333847,0.231647491,0,40.73216143,20.10529327,1.486148834,28.36976976,33.44617815,0.008045197
3549,2.1,-1,0,76.18304217,20.13650322,0.206604004,0,42.7501215,20.25390816,-0.365371704,28.36964772,33.43292067,-0.117404938
3549,2.2,-1,0,78.1992592,20.15716362,0.110168457,0,44.77368546,20.21737099,0.831127167,28.34983865,33.42557374,-0.060207367
3549,2.3,-1,0,80.21124014,20.16818047,0.096626282,0,46.79957819,20.3004837,-2.17010498,28.33208498,33.41166195,-0.132303238
3549,2.4,-1,0,82.23877697,20.17784309,0.137481689,0,48.81877604,20.08347321,1.167221069,28.33599033,33.42000093,0.094369888
3549,2.5,-1,0,84.25193023,20.19159126,0.159168243,0,50.83295946,20.20019531,-0.11838913,28.35129732,33.41897077,-0.00860405
3549,2.6,-1,0,86.272636,20.20750809,0.132751465,0,52.85238705,20.1883564,-1.46736145,28.32802412,33.42024895,0.019151688
3549,2.7,-1,0,88.30149171,20.22078323,-0.046424866,0,54.86388588,20.04162025,1.952438354,28.34013197,33.43760583,0.179162979
3549,2.8,-1,0,90.31447505,20.21614075,-0.091171265,0,56.8778101,20.23686409,0.87890625,28.33441914,33.43666495,-0.020723343
3549,2.9,-1,0,92.33134595,20.20702362,0.004768372,0,58.90589104,20.32475471,0.586452484,28.33018571,33.42545492,-0.117731094
3549,3,-1,0,94.34972571,20.20750046,0.034580231,0,60.94129877,20.38339996,-2.318820953,28.32331532,33.40842694,-0.175899506
3549,3.1,-1,0,96.38190538,20.21095848,0.102748871,0,62.96804466,20.15151787,-0.342311859,28.32374422,33.41386072,0.059440613
3549,3.2,-1,0,98.40542382,20.22123337,-0.034866333,0,64.98148489,20.11728668,0.244865417,28.35131305,33.42393893,0.103946686
3549,3.3,-1,0,100.427028,20.21774673,-0.209350586,0,66.99443789,20.14177322,-0.782814026,28.34560837,33.43259014,0.075973511
3549,3.4,-1,0,102.4524868,20.19681168,-0.140838623,0,69.00470114,20.06349182,2.296466827,28.35861233,33.44778565,0.133319855
3549,3.5,-1,0,104.460446,20.18272781,-0.005817413,0,71.02253265,20.2931385,0.852794647,28.33020868,33.43791332,-0.11041069
3549,3.6,-1,0,106.4749914,20.18214607,0.157394409,0,73.05611048,20.37841797,-2.024860382,28.36607339,33.41888096,-0.196271896
3549,3.7,-1,0,108.5042274,20.19788551,0.141124725,0,75.08382797,20.17593193,-0.391750336,28.36395361,33.42039945,0.021953583
3549,3.8,-1,0,110.528177,20.21199799,-0.107574463,0,77.09946241,20.1367569,1.248416901,28.36053261,33.4287146,0.075241089
3549,3.9,-1,0,112.544289,20.20124054,-0.23979187,0,79.11938019,20.26159859,-1.906642914,28.35651251,33.42490884,-0.060358047
3570,6.1,-1,0,144.5021955,20.20727921,0.000152588,0,124.196266,20.0626297,3.118877411,15.13474048,20.30592955,0.144649506
3570,6.2,-1,0,146.507148,20.20729446,-0.109081268,0,126.2181233,20.37451744,0.166301727,15.12392555,20.28902469,-0.167222977
3570,6.3,-1,0,148.5264181,20.19638634,-0.045890808,0,128.2564066,20.39114761,-0.217952728,15.10703259,20.27001147,-0.194761276
3570,6.4,-1,0,150.546657,20.19179726,0.027675629,0,130.2944316,20.36935234,-1.701831818,15.09424376,20.25222539,-0.177555084
3570,6.5,-1,0,152.574303,20.19456482,0.034446716,0,132.3228577,20.19916916,1.600875854,15.08112433,20.25144532,-0.00460434
3570,6.6,-1,0,154.5857113,20.19800949,-0.036392212,0,134.350779,20.35925674,1.880645752,15.06226055,20.23493235,-0.161247253
3570,6.7,-1,0,156.5959214,20.19437027,-0.108585358,0,136.3961079,20.54732132,-3.637924194,15.00582615,20.19981352,-0.35295105
3570,6.8,-1,0,158.6327058,20.18351173,-0.029811859,0,138.4326504,20.1835289,-0.184078217,15.01614603,20.20005545,-1.72E-05
3570,6.9,-1,0,160.6522081,20.18053055,0.053062439,0,140.4500829,20.16512108,1.040039063,15.01969041,20.2021252,0.01540947
3570,7,-1,0,162.6650618,20.18583679,-0.000343323,0,142.4717952,20.26912498,0.27557373,15.0252454,20.1932666,-0.083288193
3570,7.1,-1,0,164.6821977,20.18580246,-0.009746552,0,144.5000855,20.29668236,-2.050247192,14.9976136,20.18211215,-0.110879898
3570,7.2,-1,0,166.7103875,20.1848278,0.075702667,0,146.5195025,20.09165764,4.90940094,15.01175723,20.19088492,0.093170166
3570,7.3,-1,0,168.7042953,20.19239807,0.11390686,0,148.5532153,20.58259773,-3.309288025,14.96871168,20.15107996,-0.390199661
3570,7.4,-1,0,170.7405266,20.20378876,0.099639893,0,150.5949286,20.25166893,-2.217884064,14.94214748,20.14559792,-0.047880173
3570,7.5,-1,0,172.7722186,20.21375275,-0.002212524,0,152.6090061,20.02988052,0.201587677,14.99079198,20.16321248,0.183872223
3570,7.6,-1,0,174.7920484,20.21353149,-0.117969513,0,154.6130021,20.05003929,1.1759758,14.99642288,20.17904627,0.163492203
3570,7.7,-1,0,176.8067771,20.20173454,-0.063304901,0,156.6238859,20.16763687,-1.372566223,15.00243431,20.18289119,0.034097672
3570,7.8,-1,0,178.8328471,20.19540405,-0.003852844,0,158.6337868,20.03038025,2.629852295,15.01889667,20.19906029,0.165023804
3570,7.9,-1,0,180.8389201,20.19501877,-0.073890686,0,160.6499741,20.29336548,0.177536011,15.03056574,20.18894601,-0.09834671
3570,8,-1,0,182.8570506,20.1876297,-0.120658875,0,162.6801983,20.31111908,-0.798053741,15.00201569,20.17685233,-0.12348938
3570,8.1,-1,0,184.8788329,20.17556381,0.001029968,0,164.7073199,20.23131371,-2.395992279,14.9971975,20.17151296,-0.055749893
3570,8.2,-1,0,186.9083864,20.17566681,-0.018863678,0,166.7184713,19.99171448,1.828651428,15.02912464,20.18991509,0.183952332
3570,8.3,-1,0,188.917071,20.17378044,-0.072231293,0,168.726786,20.17457962,-1.080169678,15.02439356,20.19028497,-0.000799179
3570,8.4,-1,0,190.939536,20.16655731,0.080032349,0,170.7388432,20.06656265,2.188434601,15.04222035,20.20069289,0.099994659
3570,8.5,-1,0,192.9465939,20.17456055,0.092582703,0,172.7564416,20.28540611,-3.934726715,15.01277631,20.19015234,-0.110845566
5271,7.1,-1,0,167.4250024,20.18544006,-0.030040741,0,140.129731,20.11361313,1.713027954,22.40656827,27.29527138,0.071826935
5271,7.2,-1,0,169.433242,20.18243599,-0.055503845,0,142.1496574,20.28491592,-0.191268921,22.39632003,27.28358452,-0.102479935
5271,7.3,-1,0,171.4499471,20.1768856,-0.093460083,0,144.1771927,20.26578903,-1.565742493,22.39510512,27.27275443,-0.088903427
5271,7.4,-1,0,173.4728559,20.1675396,-0.061683655,0,146.1959429,20.10921478,4.394798279,22.40235697,27.27691303,0.058324814
5271,7.5,-1,0,175.4660286,20.16137123,0.005474091,0,148.2288383,20.54869461,-3.761348724,22.36152484,27.23719026,-0.38732338
5271,7.6,-1,0,177.4985027,20.16191864,0.071029663,0,150.2649011,20.17255974,0.973491669,22.35473089,27.23360162,-0.010641098
5271,7.7,-1,0,179.5094765,20.16902161,0.084762573,0,152.2870245,20.26990891,-2.536487579,22.34424362,27.22245201,-0.100887299
5271,7.8,-1,0,181.538148,20.17749786,0.016326904,0,154.301333,20.01626015,0.430603027,22.35180599,27.23681505,0.161237717
5271,7.9,-1,0,183.5536048,20.17913055,0.003185272,0,156.305112,20.05932045,1.80398941,22.35228527,27.24849284,0.119810104
5271,8,-1,0,185.5623093,20.17944908,0.083999634,0,158.320064,20.23971939,-1.123332977,22.35170525,27.24224537,-0.060270309
5271,8.1,-1,0,187.5868428,20.18784904,-0.033855438,0,160.3384192,20.12738609,0.435504913,22.34664132,27.2484236,0.060462952
5271,8.2,-1,0,189.6058077,20.1844635,-0.093078613,0,162.3533354,20.17093658,-0.582313538,22.3423785,27.25247229,0.013526917
5271,8.3,-1,0,191.626656,20.17515564,0.038070679,0,164.3675175,20.11270523,-0.143642426,22.36541765,27.25913852,0.062450409
5271,8.4,-1,0,193.644531,20.17896271,0.057640076,0,166.3780698,20.09834099,1.899795532,22.36691032,27.26646123,0.080621719
5271,8.5,-1,0,195.654549,20.18472672,0.081272125,0,168.3974029,20.28832054,-1.508769989,22.36303903,27.25714613,-0.103593826
5401,0,-1,0,27.66956179,20.13300514,0.04650116,0,0,20.14725113,-0.238170624,22.77039926,27.66956179,-0.014245987
5401,0.1,-1,0,29.68579339,20.13765526,-0.106201172,0,2.01353426,20.12343407,-0.537071228,22.77034311,27.67225913,0.014221191
5401,0.2,-1,0,31.70349412,20.12703514,-0.12544632,0,4.02319231,20.06972694,1.557331085,22.77242675,27.68030181,0.057308197
5401,0.3,-1,0,33.7086826,20.11449051,0.037136078,0,6.03795166,20.22546005,-2.245063782,22.76786219,27.67073094,-0.110969543
5401,0.4,-1,0,35.73269862,20.11820412,0.128917694,0,8.049272346,20.00095367,2.111320496,22.77923669,27.68342628,0.117250443
5401,0.5,-1,0,37.73649949,20.13109589,0.009860992,0,10.05992432,20.21208572,-2.306632996,22.78276657,27.67657517,-0.080989838
5401,0.6,-1,0,39.76293109,20.13208199,0.051574707,0,12.06959972,19.98142242,0.876235962,22.79120839,27.69333136,0.150659561
5401,0.7,-1,0,41.77315754,20.13723946,-0.019817352,0,14.07212315,20.06904602,0.437240601,22.79576501,27.70103439,0.068193436
5401,0.8,-1,0,43.78564633,20.13525772,-0.040740967,0,16.08121395,20.11277008,-0.289936066,22.79644335,27.70443238,0.02248764
5401,0.9,-1,0,45.80037003,20.13118362,0.118103027,0,18.09104128,20.08377647,-2.735900879,22.80456529,27.70932875,0.04740715
5401,1,-1,0,47.82780245,20.14299393,0.042304993,0,20.08573942,19.81018639,2.92886734,22.83562611,27.74206303,0.332807541
5401,1.1,-1,0,49.82853075,20.14722443,-0.134563446,0,22.0814024,20.10307312,0.537834167,22.83882271,27.74712835,0.044151306
5401,1.2,-1,0,51.84017658,20.13376808,-0.050029755,0,24.09439888,20.15685654,0.585899353,22.83947454,27.7457777,-0.023088455
5401,1.3,-1,0,53.85015992,20.12876511,0.03036499,0,26.11301403,20.21544647,-0.883426666,22.83064794,27.73714589,-0.086681366
5401,1.4,-1,0,55.8667594,20.13180161,-0.011119843,0,28.13014154,20.12710381,1.319694519,22.83746439,27.73661786,0.0046978
5401,1.5,-1,0,57.8730253,20.13068962,0.137023926,0,30.1494504,20.25907326,-3.272399902,22.82231214,27.7235749,-0.128383636
5401,1.6,-1,0,59.90243229,20.14439201,0.230255127,0,32.15899572,19.93183327,0.634002686,22.83856654,27.74343657,0.212558746
5401,1.7,-1,0,61.91407017,20.16741753,0.15619278,0,34.15534906,19.99523354,0.53937912,22.84940171,27.75872111,0.17218399
5401,1.8,-1,0,63.92859796,20.1830368,0.021839142,0,36.15756931,20.04917145,1.318340302,22.86286057,27.77102865,0.133865356
5401,1.9,-1,0,65.94000209,20.18522072,-0.044345856,0,38.16907816,20.18100548,0.051460266,22.8637677,27.77092393,0.00421524
5401,2,-1,0,67.95926449,20.18078613,0.009727478,0,40.18743601,20.1861515,-1.568336487,22.86085994,27.77182848,-0.005365372
5401,2.1,-1,0,69.98445916,20.18175888,0.040550232,0,42.19820948,20.02931786,1.221656799,22.8668745,27.78624968,0.152441025
5401,2.2,-1,0,71.99696503,20.1858139,-0.017375946,0,44.20724955,20.15148354,-0.097961426,22.87712618,27.78971549,0.034330368
5401,2.3,-1,0,74.01606103,20.18407631,-0.017642975,0,46.22190809,20.14168739,-0.634460449,22.88429352,27.79415294,0.042388916
5401,2.4,-1,0,76.03694022,20.18231201,0.012722015,0,48.23290453,20.07824135,-2.002735138,22.89088085,27.80403569,0.104070663
5401,2.5,-1,0,78.06471369,20.18358421,0.024719238,0,50.23071499,19.87796783,-0.094585419,22.91833307,27.8339987,0.305616379
5401,2.6,-1,0,80.08321438,20.18605614,-0.049343109,0,52.21803885,19.86850929,0.730133057,22.94664864,27.86517553,0.317546844
5401,2.7,-1,0,82.0963997,20.18112183,-0.042076111,0,54.20854044,19.9415226,1.12247467,22.96738354,27.88785926,0.239599228
5401,2.8,-1,0,84.10737348,20.17691422,0.023288727,0,56.20830507,20.05377007,1.122837067,22.97634607,27.89906841,0.12314415
5401,2.9,-1,0,86.11840931,20.17924309,0.006427765,0,58.21929626,20.16605377,-1.269054413,22.96743046,27.89911305,0.013189316
5401,3,-1,0,88.14134211,20.17988586,-0.03036499,0,60.22955637,20.03914833,-1.512126923,22.98441233,27.91178574,0.140737534
5401,3.1,-1,0,90.16573278,20.17684937,-0.022354126,0,62.22591057,19.88793564,2.977619171,23.01469638,27.93982221,0.288913727
5401,3.2,-1,0,92.16703981,20.17461395,0.058097839,0,64.22959223,20.18569756,-0.929145813,23.01622776,27.93744758,-0.011083603
5401,3.3,-1,0,94.18769622,20.18042374,0.058116913,0,66.24351625,20.09278297,1.954193115,23.02869625,27.94417996,0.087640762
5401,3.4,-1,0,96.1955353,20.18623543,0.078792572,0,68.26256552,20.28820229,-2.734375,23.02563093,27.93296979,-0.101966858
5401,3.5,-1,0,98.22590421,20.19411469,0.048217773,0,70.27771387,20.01476479,1.073265076,23.03340615,27.94819034,0.179349899
5401,3.6,-1,0,100.238827,20.19893646,-0.018005371,0,72.28455667,20.12209129,-1.168060303,23.04217099,27.95427035,0.076845169
5401,3.7,-1,0,102.2635525,20.19713593,-0.019035339,0,74.2909255,20.00528526,0.973701477,23.05666618,27.97262696,0.191850662
5401,3.8,-1,0,104.2765067,20.19523239,0.029945374,0,76.29632254,20.10265541,-0.583686829,23.06291131,27.98018412,0.092576981
5401,3.9,-1,0,106.2983256,20.19822693,-0.010318756,0,78.30366964,20.04428673,0.977153778,23.08055464,27.99465601,0.153940201
5737,0,-1,0,18.1385501,20.19400978,-0.019760132,0,0,20.01527214,1.009807587,13.24532205,18.1385501,0.17873764
5737,0.1,-1,0,20.15198145,20.19203377,0.031356812,0,2.006576252,20.1162529,1.376819611,13.26155343,18.1454052,0.075780869
5737,0.2,-1,0,22.1636693,20.19516945,0.059986115,0,4.02508564,20.25393486,-0.622501373,13.25070643,18.13858366,-0.058765411
5737,0.3,-1,0,24.1866056,20.20116806,-0.040493011,0,6.047366619,20.19168472,-2.526111603,13.2674841,18.13923898,0.009483337
5737,0.4,-1,0,26.21976124,20.19711876,-0.119552612,0,8.053904533,19.93907356,0.981826782,13.27888094,18.1658567,0.258045197
5737,0.5,-1,0,28.23467123,20.1851635,-0.063781738,0,10.05272102,20.03725624,2.182388306,13.29835331,18.18195021,0.147907257
5737,0.6,-1,0,30.24260915,20.17878532,0.041732788,0,12.06735859,20.25549507,-1.171245575,13.29316285,18.17525056,-0.076709747
5737,0.7,-1,0,32.26699521,20.1829586,0.07226944,0,14.08705187,20.13837051,0.016365051,13.30080368,18.17994334,0.044588089
5737,0.8,-1,0,34.28658291,20.19018555,0.079612732,0,16.10097075,20.14000702,0.403995514,13.32134243,18.18561216,0.050178528
5737,0.9,-1,0,36.30448394,20.19814682,0.043811798,0,18.11699142,20.18040657,-0.74672699,13.31176796,18.18749251,0.01774025
5737,1,-1,0,38.32876841,20.202528,-0.047969818,0,20.13129845,20.10573387,-0.296173096,13.32888223,18.19746996,0.096794128
5737,1.1,-1,0,40.35132013,20.19773102,-0.098628998,0,22.14039097,20.07611656,2.639713287,13.35477138,18.21092916,0.121614456
5737,1.2,-1,0,42.35825609,20.18786812,0.036411285,0,24.16120119,20.34008789,0.401687622,13.34399322,18.1970549,-0.152219772
5737,1.3,-1,0,44.37505082,20.19150925,0.164299011,0,26.19721842,20.38025665,-3.63735199,13.32489398,18.1778324,-0.188747406
5737,1.4,-1,0,46.41400887,20.20793915,0.044651031,0,28.21705732,20.01652145,1.81728363,13.33863321,18.19695154,0.191417694
5737,1.5,-1,0,48.42646172,20.21240425,-0.082015991,0,30.22779589,20.19824982,-2.518177032,13.35857604,18.19866583,0.014154434
5737,1.6,-1,0,50.4603957,20.20420265,-0.059165955,0,32.23502998,19.94643211,4.747009277,13.37691553,18.22536572,0.257770538
5737,1.7,-1,0,52.45657222,20.19828606,0.001621246,0,34.25340824,20.42113304,-0.958614349,13.36224639,18.20316398,-0.222846985
5737,1.8,-1,0,54.4805673,20.19844818,0.098762512,0,36.29072847,20.32527161,1.198234558,13.34106654,18.18983883,-0.126823425
5737,1.9,-1,0,56.49446895,20.20832443,-0.076160431,0,38.32924681,20.44509506,-4.806175232,13.31903885,18.16522215,-0.23677063
5737,2,-1,0,58.53971685,20.20070839,-0.309944153,0,40.34972544,19.96447754,3.038711548,13.3403024,18.18999141,0.23623085
5737,2.1,-1,0,60.54201295,20.16971397,-0.075798035,0,42.36136675,20.26834869,-1.549034119,13.3280194,18.1806462,-0.09863472
5737,2.2,-1,0,62.56542983,20.16213417,0.053138733,0,44.38045645,20.11344528,1.152553558,13.34173789,18.18497339,0.048688889
5737,2.3,-1,0,64.57560999,20.16744804,-0.004405975,0,46.39756374,20.22870064,1.211090088,13.32329919,18.17804625,-0.061252594
5737,2.4,-1,0,66.58618555,20.16700745,-0.006446838,0,48.42648926,20.34980965,0.08813858,13.30717106,18.15969629,-0.1828022
5737,2.5,-1,0,68.6031624,20.16636276,0.002098083,0,50.46191092,20.3586235,-1.678237915,13.29035584,18.14125149,-0.192260742
5737,2.6,-1,0,70.6280702,20.16657257,0.00869751,0,52.48938208,20.19079971,2.894096375,13.29100183,18.13868813,-0.024227142
5737,2.7,-1,0,72.62962774,20.16744232,0.03616333,0,54.52293253,20.48020935,-0.895824432,13.25692252,18.10669521,-0.312767029
5737,2.8,-1,0,74.65076189,20.17105865,0.079917908,0,56.56647434,20.39062691,-4.473552704,13.24593701,18.08428755,-0.219568253
5737,2.9,-1,0,76.68975736,20.17905045,0.056552887,0,58.58316927,19.94327164,4.104862213,13.2731094,18.10658809,0.235778809
5737,3,-1,0,78.68693538,20.18470573,0.045204163,0,60.59802074,20.35375786,-0.34734726,13.25030804,18.08891464,-0.169052124
5737,3.1,-1,0,80.70719265,20.18922615,0.029773712,0,62.63165979,20.31902313,1.066741943,13.23645825,18.07553286,-0.129796982
5737,3.2,-1,0,82.72170504,20.19220352,-0.043411255,0,64.66889582,20.42569733,-2.852954865,13.20424293,18.05280922,-0.233493805
5737,3.3,-1,0,84.75586488,20.1878624,-0.072956085,0,66.69720078,20.14040184,4.316101074,13.20236685,18.0586641,0.047460556
5737,3.4,-1,0,86.75333778,20.18056679,-0.091781616,0,68.73282146,20.57201195,-2.491111755,13.17663972,18.02051632,-0.39144516
5737,3.5,-1,0,88.78408035,20.17138863,0.000858307,0,70.7775671,20.32290077,1.966228485,13.16401232,18.00651325,-0.151512146
5737,3.6,-1,0,90.79160548,20.17147446,0.105266571,0,72.81968832,20.51952362,-2.753829956,13.12377858,17.97191716,-0.348049164
5737,3.7,-1,0,92.82374077,20.18200111,0.081653595,0,74.85787153,20.24414063,0.433559418,13.10903673,17.96586924,-0.062139511
5737,3.8,-1,0,94.84081864,20.19016647,0.046081543,0,76.88445339,20.28749657,0.866565704,13.1010436,17.95636525,-0.097330093
5737,3.9,-1,0,96.85592386,20.19477463,0.014286041,0,78.91753588,20.37415314,0.128631592,13.06833398,17.93838799,-0.17937851
6104,0,-1,0,18.19746996,20.202528,-0.047969818,0,0,20.10573387,-0.296173096,13.32888223,18.19746996,0.096794128
6104,0.1,-1,0,20.22002168,20.19773102,-0.098628998,0,2.009092522,20.07611656,2.639713287,13.35477138,18.21092916,0.121614456
6104,0.2,-1,0,22.22695764,20.18786812,0.036411285,0,4.029902744,20.34008789,0.401687622,13.34399322,18.1970549,-0.152219772
6104,0.3,-1,0,24.24375237,20.19150925,0.164299011,0,6.065919972,20.38025665,-3.63735199,13.32489398,18.1778324,-0.188747406
6104,0.4,-1,0,26.28271042,20.20793915,0.044651031,0,8.085758877,20.01652145,1.81728363,13.33863321,18.19695154,0.191417694
6104,0.5,-1,0,28.29516327,20.21240425,-0.082015991,0,10.09649744,20.19824982,-2.518177032,13.35857604,18.19866583,0.014154434
6104,0.6,-1,0,30.32909725,20.20420265,-0.059165955,0,12.10373154,19.94643211,4.747009277,13.37691553,18.22536572,0.257770538
6104,0.7,-1,0,32.32527377,20.19828606,0.001621246,0,14.12210979,20.42113304,-0.958614349,13.36224639,18.20316398,-0.222846985
6104,0.8,-1,0,34.34926886,20.19844818,0.098762512,0,16.15943003,20.32527161,1.198234558,13.34106654,18.18983883,-0.126823425
6104,0.9,-1,0,36.36317051,20.20832443,-0.076160431,0,18.19794836,20.44509506,-4.806175232,13.31903885,18.16522215,-0.23677063
6104,1,-1,0,38.4084184,20.20070839,-0.309944153,0,20.21842699,19.96447754,3.038711548,13.3403024,18.18999141,0.23623085
6104,1.1,-1,0,40.4107145,20.16971397,-0.075798035,0,22.2300683,20.26834869,-1.549034119,13.3280194,18.1806462,-0.09863472
6104,1.2,-1,0,42.43413139,20.16213417,0.053138733,0,24.249158,20.11344528,1.152553558,13.34173789,18.18497339,0.048688889
6104,1.3,-1,0,44.44431154,20.16744804,-0.004405975,0,26.2662653,20.22870064,1.211090088,13.32329919,18.17804625,-0.061252594
6104,1.4,-1,0,46.45488711,20.16700745,-0.006446838,0,28.29519081,20.34980965,0.08813858,13.30717106,18.15969629,-0.1828022
6104,1.5,-1,0,48.47186396,20.16636276,0.002098083,0,30.33061247,20.3586235,-1.678237915,13.29035584,18.14125149,-0.192260742
6104,1.6,-1,0,50.49677176,20.16657257,0.00869751,0,32.35808363,20.19079971,2.894096375,13.29100183,18.13868813,-0.024227142
6104,1.7,-1,0,52.49832929,20.16744232,0.03616333,0,34.39163408,20.48020935,-0.895824432,13.25692252,18.10669521,-0.312767029
6104,1.8,-1,0,54.51946344,20.17105865,0.079917908,0,36.4351759,20.39062691,-4.473552704,13.24593701,18.08428755,-0.219568253
6104,1.9,-1,0,56.55845891,20.17905045,0.056552887,0,38.45187082,19.94327164,4.104862213,13.2731094,18.10658809,0.235778809
6705,2,-1,0,67.26674572,20.18370628,0.017337799,0,39.97704439,20.23025513,-1.166419983,22.40596496,27.28970133,-0.046548843
6705,2.1,-1,0,69.28950918,20.18544006,-0.030040741,0,41.9942378,20.11361313,1.713027954,22.40656827,27.29527138,0.071826935
6705,2.2,-1,0,71.29774877,20.18243599,-0.055503845,0,44.01416426,20.28491592,-0.191268921,22.39632003,27.28358452,-0.102479935
6705,2.3,-1,0,73.31445393,20.1768856,-0.093460083,0,46.0416995,20.26578903,-1.565742493,22.39510512,27.27275443,-0.088903427
6705,2.4,-1,0,75.33736273,20.1675396,-0.061683655,0,48.0604497,20.10921478,4.394798279,22.40235697,27.27691303,0.058324814
6705,2.5,-1,0,77.33053543,20.16137123,0.005474091,0,50.09334517,20.54869461,-3.761348724,22.36152484,27.23719026,-0.38732338
6705,2.6,-1,0,79.3630095,20.16191864,0.071029663,0,52.12940788,20.17255974,0.973491669,22.35473089,27.23360162,-0.010641098
6705,2.7,-1,0,81.37398333,20.16902161,0.084762573,0,54.15153131,20.26990891,-2.536487579,22.34424362,27.22245201,-0.100887299
6705,2.8,-1,0,83.40265481,20.17749786,0.016326904,0,56.16583977,20.01626015,0.430603027,22.35180599,27.23681505,0.161237717
6705,2.9,-1,0,85.41811164,20.17913055,0.003185272,0,58.1696188,20.05932045,1.80398941,22.35228527,27.24849284,0.119810104
6705,3,-1,0,87.42681616,20.17944908,0.083999634,0,60.18457079,20.23971939,-1.123332977,22.35170525,27.24224537,-0.060270309
6705,3.1,-1,0,89.45134966,20.18784904,-0.033855438,0,62.20292606,20.12738609,0.435504913,22.34664132,27.2484236,0.060462952
6705,3.2,-1,0,91.47031449,20.1844635,-0.093078613,0,64.2178422,20.17093658,-0.582313538,22.3423785,27.25247229,0.013526917
6705,3.3,-1,0,93.49116281,20.17515564,0.038070679,0,66.23202429,20.11270523,-0.143642426,22.36541765,27.25913852,0.062450409
6705,3.4,-1,0,95.50903783,20.17896271,0.057640076,0,68.2425766,20.09834099,1.899795532,22.36691032,27.26646123,0.080621719
6705,3.5,-1,0,97.51905581,20.18472672,0.081272125,0,70.26190968,20.28832054,-1.508769989,22.36303903,27.25714613,-0.103593826
6705,3.6,-1,0,99.54449831,20.19285393,0.041713715,0,72.28319788,20.13744354,2.438106537,22.38129459,27.26130043,0.055410385
6705,3.7,-1,0,101.5528674,20.1970253,-0.074710846,0,74.30913277,20.3812542,-4.540271759,22.36283113,27.24373461,-0.184228897
6705,3.8,-1,0,103.5943466,20.18955421,0.02948761,0,76.32455683,19.92722702,3.70672226,22.37833531,27.26978977,0.262327194
6705,3.9,-1,0,105.5961586,20.19250298,0.033969879,0,78.33581314,20.29789925,-1.559276581,22.36674569,27.26034544,-0.105396271
6705,4,-1,0,107.623473,20.19589996,0.03490448,0,80.35780668,20.14197159,-0.286712646,22.3786965,27.26566631,0.053928375
6705,4.1,-1,0,109.6433289,20.19939041,-0.031757355,0,82.37057028,20.11330032,1.508331299,22.3958935,27.27275865,0.086090088
6705,4.2,-1,0,111.6558643,20.19621468,-0.056800842,0,84.38944197,20.26413345,0.096149445,22.38512121,27.26642237,-0.067918777
6705,4.3,-1,0,113.6746012,20.19053459,0.024471283,0,86.41633606,20.2737484,-0.238304138,22.36749207,27.25826513,-0.083213806
6705,4.4,-1,0,115.6937189,20.19298172,-0.020084381,0,88.44251938,20.24991798,-1.17181778,22.37011672,27.25119949,-0.056936264
6705,4.5,-1,0,117.7182799,20.19097328,0.017662048,0,90.46165209,20.13273621,-0.877914429,22.36861658,27.25662779,0.058237076
6705,4.6,-1,0,119.7406207,20.19273949,-0.029067993,0,92.47053614,20.04494476,2.333774567,22.36643646,27.2700846,0.147794724
6705,4.7,-1,0,121.7498606,20.18983269,-0.035915375,0,94.48669949,20.27832222,0.738792419,22.35458823,27.26316114,-0.088489532
6705,4.8,-1,0,123.76529,20.18624115,0.100002289,0,96.51822567,20.35220146,-1.518917084,22.33544634,27.24706433,-0.165960312
6705,4.9,-1,0,125.7923073,20.19624138,0.086231232,0,98.54585123,20.20030975,0.976734161,22.3292643,27.24645604,-0.004068375
6705,5,-1,0,127.8092949,20.2048645,0.060062408,0,100.5707659,20.29798317,-0.673503876,22.32941323,27.23852902,-0.093118668
7029,2,-1,0,62.35273166,20.1932621,-0.037899017,0,40.79062605,20.3765564,0.454330444,16.5320005,21.56210561,-0.183294296
7029,2.1,-1,0,64.37036127,20.1894722,0.004463196,0,42.83055334,20.42198944,-0.485363007,16.51379527,21.53980793,-0.232517242
7029,2.2,-1,0,66.39225837,20.18991852,0.004806519,0,44.87032547,20.37345314,-1.975765228,16.49152953,21.5219329,-0.183534622
7029,2.3,-1,0,68.42155045,20.19039917,0.038223267,0,46.89779196,20.17587662,0.44380188,16.50062164,21.52375849,0.014522552
7029,2.4,-1,0,70.43894788,20.1942215,0.014247894,0,48.91759863,20.22025681,0.197219849,16.50347763,21.52134925,-0.026035309
7029,2.5,-1,0,72.45811399,20.19564629,-0.060691833,0,50.94061041,20.23997879,0.202522278,16.49151047,21.51750358,-0.044332504
7029,2.6,-1,0,74.47641959,20.1895771,-0.046977997,0,52.9656209,20.26023102,0.336303711,16.48325086,21.51079869,-0.070653915
7029,2.7,-1,0,76.49296859,20.1848793,-0.028419495,0,54.99332552,20.29386139,1.459350586,16.46742008,21.49964307,-0.108982086
7029,2.8,-1,0,78.50474175,20.18203735,-0.012722015,0,57.03000841,20.43979645,-1.662387848,16.44316243,21.47473334,-0.257759094
7029,2.9,-1,0,80.5315575,20.18076515,0.019073486,0,59.06567612,20.27355766,-1.414852142,16.42217949,21.46588138,-0.092792511
7029,3,-1,0,82.55667648,20.1826725,0.07194519,0,61.08595762,20.13207245,0.535354614,16.42178726,21.47071886,0.050600052
7029,3.1,-1,0,84.57297169,20.18986702,-0.010757446,0,63.10184164,20.18560791,0.878353119,16.42501345,21.47113004,0.004259109
7029,3.2,-1,0,86.5874883,20.18879128,-0.017127991,0,65.1247942,20.27344322,-1.553993225,16.4219529,21.4626941,-0.084651947
7029,3.3,-1,0,88.61394052,20.18707848,0.03911972,0,67.14436855,20.1180439,-0.00787735,16.41955651,21.46957196,0.069034576
7029,3.4,-1,0,90.63295132,20.19099045,0.037155151,0,69.15613356,20.11725616,1.23090744,16.41536514,21.47681777,0.073734283
7029,3.5,-1,0,92.64551119,20.19470596,0.040454865,0,71.17401371,20.24034691,-1.616783142,16.40654367,21.47149748,-0.045640945
7029,3.6,-1,0,94.67367485,20.19875145,0.044364929,0,73.18996449,20.07866859,1.703910828,16.41622241,21.48371037,0.120082855
7029,3.7,-1,0,96.68461429,20.20318794,0.069484711,0,75.2063509,20.24905968,1.075706482,16.41092993,21.47826339,-0.045871735
7029,3.8,-1,0,98.69924061,20.21013641,0.087890625,0,77.2366354,20.35663033,-2.975025177,16.40892121,21.46260521,-0.146493912
7029,3.9,-1,0,100.7351845,20.21892548,0.020809174,0,79.25742331,20.05912781,1.851406097,16.40739358,21.47776116,0.159797668
7029,4,-1,0,102.7473817,20.22100639,-0.199317932,0,81.27259312,20.24426842,0.058307648,16.41979539,21.47478855,-0.023262024
7029,4.1,-1,0,104.7687614,20.2010746,-0.10509491,0,83.2973115,20.25009918,-0.790405273,16.4033168,21.47144991,-0.049024582
7029,4.2,-1,0,106.7917421,20.19056511,0.039596558,0,85.31836939,20.17105865,0.4895401,16.40468506,21.47337274,0.019506454
7029,4.3,-1,0,108.8088564,20.19452477,0.088253021,0,87.33792295,20.22001266,-1.65719986,16.41341779,21.47093341,-0.0254879
7029,4.4,-1,0,110.8362774,20.20335007,0.025291443,0,89.35163822,20.05429268,3.950786591,16.40862059,21.48463916,0.149057388
7029,4.5,-1,0,112.83642,20.20587921,-0.106544495,0,91.37682142,20.44937134,-2.537918091,16.3983724,21.45959853,-0.243492126
7029,4.6,-1,0,114.8686703,20.19522476,-0.054225922,0,93.40906897,20.19557953,0.639839172,16.38628974,21.4596013,-0.000354767
7029,4.7,-1,0,116.8846553,20.18980217,-0.020084381,0,95.43182611,20.25956345,-1.714305878,16.39028028,21.45282916,-0.069761276
7029,4.8,-1,0,118.9122849,20.18779373,0.005149841,0,97.44921093,20.08813286,0.095767975,16.39044838,21.46307402,0.099660873
7029,4.9,-1,0,120.9303203,20.18830872,-0.018730164,0,99.45850306,20.09770966,1.122646332,16.41755702,21.47181727,0.09059906
7029,5,-1,0,122.9441753,20.1864357,-0.000305176,0,101.4738873,20.20997429,-0.487670898,16.43597841,21.47028804,-0.023538589
7029,5.1,-1,0,124.9651215,20.18640518,0.052814484,0,103.4924463,20.1612072,-0.78130722,16.42356903,21.47267515,0.025197983
7029,5.2,-1,0,126.988516,20.19168663,-0.036792755,0,105.5046605,20.08307648,0.78119278,16.42886901,21.48385549,0.108610153
7029,5.3,-1,0,129.0026197,20.18800735,-0.077857971,0,107.5168741,20.16119576,-0.582485199,16.41901679,21.48574562,0.0268116
7029,5.4,-1,0,131.0236261,20.18022156,-0.018959045,0,109.5300813,20.10294724,1.902275085,16.41184112,21.49354478,0.077274323
7029,5.5,-1,0,133.0316767,20.17832565,0.053539276,0,111.5498874,20.29317474,-1.075153351,16.40873006,21.48178938,-0.114849091
7029,5.6,-1,0,135.0550926,20.18367958,0.022163391,0,113.5738291,20.18565941,-0.975189209,16.42672931,21.4812635,-0.001979828
7029,5.7,-1,0,137.0785151,20.18589592,-0.007896423,0,115.5875191,20.08814049,-2.587738037,16.4161233,21.49099603,0.097755432
7029,5.8,-1,0,139.1095264,20.18510628,-0.063247681,0,117.5833944,19.82936668,2.439136505,16.44429213,21.52613193,0.355739594
7029,5.9,-1,0,141.1158445,20.17878151,-0.046463013,0,119.5785268,20.07328033,1.078300476,16.4572224,21.53731769,0.105501175
7029,6,-1,0,143.1275896,20.17413521,0.054340363,0,121.5912463,20.18111038,1.072483063,16.46051188,21.53634329,-0.006975174
7234,4,-1,0,113.55385,20.18138504,-0.027294159,0,80.40700779,20.2539444,0.700321198,28.32022905,33.14684223,-0.072559357
7234,4.1,-1,0,115.5710969,20.17865562,-0.10684967,0,82.43590384,20.32397652,1.305828094,28.3235321,33.1351931,-0.145320892
7234,4.2,-1,0,117.5831407,20.16797066,-0.004081726,0,84.47483063,20.45455933,-4.346847534,28.29266126,33.10831005,-0.286588669
7234,4.3,-1,0,119.6216351,20.16756248,0.077075958,0,86.49855232,20.01987457,0.48494339,28.30388559,33.12308276,0.147687912
7234,4.4,-1,0,121.6359821,20.17527008,0.128898621,0,88.5029645,20.06836891,2.787055969,28.31954987,33.13301761,0.106901169
7234,4.5,-1,0,123.6409355,20.18815994,0.042266846,0,90.52373667,20.34707451,-3.910102844,28.29609194,33.11719885,-0.158914566
7234,4.6,-1,0,125.6784777,20.19238663,-0.048465729,0,92.5388936,19.95606422,2.737674713,28.32791951,33.13958409,0.236322403
7234,4.7,-1,0,127.6839901,20.18754005,-0.016269684,0,94.5481884,20.2298317,-2.730026245,28.32373281,33.13580175,-0.042291641
7234,4.8,-1,0,129.716658,20.18591309,0.002822876,0,96.55752144,19.95682907,3.410434723,28.34298755,33.15913655,0.229084015
7234,4.9,-1,0,131.7174055,20.18619537,0.024280548,0,98.57025652,20.29787254,-4.927787781,28.33472548,33.14714895,-0.11167717
7234,5,-1,0,133.7593571,20.18862343,-0.033836365,0,100.5754048,19.80509377,2.24395752,28.36304399,33.1839523,0.383529663
7466,5.1,-1,0,125.0292813,20.19099045,0.037155151,0,103.5524635,20.11725616,1.23090744,16.41536514,21.47681777,0.073734283
7466,5.2,-1,0,127.0418412,20.19470596,0.040454865,0,105.5703437,20.24034691,-1.616783142,16.40654367,21.47149748,-0.045640945
7466,5.3,-1,0,129.0700048,20.19875145,0.044364929,0,107.5862945,20.07866859,1.703910828,16.41622241,21.48371037,0.120082855
7466,5.4,-1,0,131.0809443,20.20318794,0.069484711,0,109.6026809,20.24905968,1.075706482,16.41092993,21.47826339,-0.045871735
7466,5.5,-1,0,133.0955706,20.21013641,0.087890625,0,111.6329654,20.35663033,-2.975025177,16.40892121,21.46260521,-0.146493912
7466,5.6,-1,0,135.1315144,20.21892548,0.020809174,0,113.6537533,20.05912781,1.851406097,16.40739358,21.47776116,0.159797668
7466,5.7,-1,0,137.1437116,20.22100639,-0.199317932,0,115.6689231,20.24426842,0.058307648,16.41979539,21.47478855,-0.023262024
7466,5.8,-1,0,139.1650914,20.2010746,-0.10509491,0,117.6936415,20.25009918,-0.790405273,16.4033168,21.47144991,-0.049024582
7466,5.9,-1,0,141.1880721,20.19056511,0.039596558,0,119.7146994,20.17105865,0.4895401,16.40468506,21.47337274,0.019506454
7466,6,-1,0,143.2051863,20.19452477,0.088253021,0,121.7342529,20.22001266,-1.65719986,16.41341779,21.47093341,-0.0254879
7466,6.1,-1,0,145.2326074,20.20335007,0.025291443,0,123.7479682,20.05429268,3.950786591,16.40862059,21.48463916,0.149057388
7466,6.2,-1,0,147.2327499,20.20587921,-0.106544495,0,125.7731514,20.44937134,-2.537918091,16.3983724,21.45959853,-0.243492126
7466,6.3,-1,0,149.2650002,20.19522476,-0.054225922,0,127.8053989,20.19557953,0.639839172,16.38628974,21.4596013,-0.000354767
7466,6.4,-1,0,151.2809852,20.18980217,-0.020084381,0,129.8281561,20.25956345,-1.714305878,16.39028028,21.45282916,-0.069761276
7466,6.5,-1,0,153.3086149,20.18779373,0.005149841,0,131.8455409,20.08813286,0.095767975,16.39044838,21.46307402,0.099660873
7466,6.6,-1,0,155.3266503,20.18830872,-0.018730164,0,133.854833,20.09770966,1.122646332,16.41755702,21.47181727,0.09059906
7466,6.7,-1,0,157.3405053,20.1864357,-0.000305176,0,135.8702172,20.20997429,-0.487670898,16.43597841,21.47028804,-0.023538589
7466,6.8,-1,0,159.3614515,20.18640518,0.052814484,0,137.8887763,20.1612072,-0.78130722,16.42356903,21.47267515,0.025197983
7466,6.9,-1,0,161.384846,20.19168663,-0.036792755,0,139.9009905,20.08307648,0.78119278,16.42886901,21.48385549,0.108610153
7466,7,-1,0,163.3989497,20.18800735,-0.077857971,0,141.9132041,20.16119576,-0.582485199,16.41901679,21.48574562,0.0268116
